Country,Fatal,Year
USA,N,2018
USA,N,2018
USA,N,2018
AUSTRALIA,N,2018
MEXICO,N,2018
BRAZIL,Y,2018
USA,N,2018
USA,N,2018
USA,N,2018
AUSTRALIA,N,2018
USA,N,2018
USA,N,2018
UNITED KINGDOM,N,2018
AUSTRALIA,N,2018
AUSTRALIA,N,2018
COSTA RICA,N,2018
AUSTRALIA,N,2018
AUSTRALIA,N,2018
AUSTRALIA,N,2018
SOUTH AFRICA,N,2018
USA,N,2018
AUSTRALIA,N,2018
AUSTRALIA,N,2018
BAHAMAS,N,2018
BRAZIL,N,2018
BAHAMAS,N,2018
SOUTH AFRICA,N,2018
USA,N,2018
AUSTRALIA,N,2018
AUSTRALIA,N,2018
AUSTRALIA,N,2018
SOUTH AFRICA,N,2018
AUSTRALIA,N,2018
AUSTRALIA,N,2018
AUSTRALIA,N,2018
AUSTRALIA,N,2018
BRAZIL,N,2018
ECUADOR,N,2018
AUSTRALIA,N,2018
AUSTRALIA,N,2018
NEW CALEDONIA,N,2018
AUSTRALIA,N,2018
AUSTRALIA,N,2018
BRAZIL,N,2018
AUSTRALIA,N,2018
USA,N,2017
USA,N,2017
COSTA RICA,N,2017
COSTA RICA,Y,2017
USA,N,2017
USA,N,2017
AUSTRALIA,N,2017
CUBA,Y,2017
AUSTRALIA,N,2017
AUSTRALIA,N,2017
USA,N,2017
USA,N,2017
AUSTRALIA,N,2017
NEW ZEALAND,N,2017
USA,N,2017
USA,N,2017
USA,N,2017
SOUTH AFRICA,U,2017
USA,N,2017
AUSTRALIA,N,2017
USA,U,2017
USA,N,2017
SPAIN,N,2017
USA,N,2017
AUSTRALIA,N,2017
USA,N,2017
AUSTRALIA,N,2017
JAPAN,N,2017
USA,N,2017
USA,N,2017
AUSTRALIA,N,2017
USA,N,2017
SPAIN,U,2017
USA,N,2017
USA,N,2017
EGYPT,N,2017
USA,N,2017
USA,N,2017
USA,N,2017
USA,U,2017
SPAIN,N,2017
USA,N,2017
USA,U,2017
USA,N,2017
USA,N,2017
USA,N,2017
USA,N,2017
USA,N,2017
MEXICO,N,2017
SOUTH AFRICA,N,2017
USA,N,2017
USA,N,2017
REUNION,N,2017
SPAIN,N,2017
AUSTRALIA,N,2017
AUSTRALIA,N,2017
USA,N,2017
UNITED KINGDOM,N,2017
USA,N,2017
BAHAMAS,N,2017
USA,N,2017
USA,N,2017
AUSTRALIA,N,2017
AUSTRALIA,N,2017
MEXICO,Y,2017
USA,U,2017
SOUTH AFRICA,N,2017
USA,N,2017
REUNION,Y,2017
NEW ZEALAND,N,2017
AUSTRALIA,Y,2017
USA,N,2017
USA,N,2017
SOUTH AFRICA,U,2017
USA,N,2017
USA,N,2017
USA,N,2017
USA,N,2017
USA,N,2017
AUSTRALIA,N,2017
USA,N,2017
USA,N,2017
AUSTRALIA,N,2017
USA,N,2017
PHILIPPINES,N,2017
BAHAMAS,N,2017
AUSTRALIA,N,2017
AUSTRALIA,N,2017
USA,N,2017
BRAZIL,N,2017
SOUTH AFRICA,N,2017
USA,N,2017
BAHAMAS,N,2017
BRAZIL,N,2017
AUSTRALIA,N,2017
AUSTRALIA,N,2017
INDONESIA,N,2017
USA,N,2017
AUSTRALIA,U,2017
USA,N,2016
AUSTRALIA,N,2016
SOUTH AFRICA,N,2016
AUSTRALIA,N,2016
FRENCH POLYNESIA,N,2016
USA,U,2016
AUSTRALIA,N,2016
AUSTRALIA,N,2016
AUSTRALIA,N,2016
USA,N,2016
USA,N,2016
USA,N,2016
AUSTRALIA,N,2016
USA,N,2016
USA,N,2016
AUSTRALIA,N,2016
USA,N,2016
USA,N,2016
USA,N,2016
AUSTRALIA,N,2016
USA,N,2016
USA,N,2016
USA,N,2016
USA,N,2016
AUSTRALIA,N,2016
USA,N,2016
USA,N,2016
NEW CALEDONIA,Y,2016
USA,N,2016
USA,N,2016
USA,N,2016
USA,N,2016
USA,N,2016
REUNION,N,2016
USA,N,2016
BAHAMAS,N,2016
USA,N,2016
USA,N,2016
SPAIN,N,2016
AUSTRALIA,N,2016
USA,N,2016
AUSTRALIA,N,2016
JAPAN,N,2016
AUSTRALIA,N,2016
BAHAMAS,N,2016
AUSTRALIA,N,2016
USA,N,2016
USA,N,2016
USA,N,2016
SPAIN,N,2016
USA,N,2016
USA,N,2016
USA,N,2016
USA,N,2016
AUSTRALIA,N,2016
USA,N,2016
USA,N,2016
COLUMBIA,N,2016
SOUTH AFRICA,N,2016
USA,N,2016
USA,N,2016
AUSTRALIA,N,2016
USA,N,2016
USA,N,2016
USA,U,2016
USA,N,2016
AUSTRALIA,Y,2016
EGYPT,N,2016
AUSTRALIA,Y,2016
USA,N,2016
USA,N,2016
USA,N,2016
USA,N,2016
USA,N,2016
USA,N,2016
USA,N,2016
USA,N,2016
NEW ZEALAND,N,2016
INDONESIA,N,2016
USA,N,2016
SOUTH AFRICA,N,2016
AUSTRALIA,N,2016
FRENCH POLYNESIA,N,2016
FRENCH POLYNESIA,N,2016
USA,N,2016
NEW CALEDONIA,Y,2016
USA,N,2016
USA,N,2016
AUSTRALIA,N,2016
AUSTRALIA,N,2016
USA,N,2016
AUSTRALIA,N,2016
BRAZIL,N,2016
NEW CALEDONIA,N,2016
NEW CALEDONIA,N,2016
AUSTRALIA,N,2016
AUSTRALIA,N,2016
BRAZIL,N,2016
USA,N,2016
USA,N,2016
USA,N,2016
USA,N,2016
AUSTRALIA,N,2016
AUSTRALIA,N,2016
AUSTRALIA,N,2016
SOUTH AFRICA,N,2015
SPAIN,N,2015
USA,N,2015
AUSTRALIA,N,2015
BRAZIL,N,2015
AUSTRALIA,N,2015
BAHAMAS,N,2015
SOUTH AFRICA,N,2015
ECUADOR,N,2015
USA,N,2015
AUSTRALIA,N,2015
USA,U,2015
USA,N,2015
USA,N,2015
MOZAMBIQUE,N,2015
AUSTRALIA,N,2015
USA,N,2015
SOUTH AFRICA,N,2015
USA,N,2015
USA,N,2015
MOZAMBIQUE,Y,2015
USA,U,2015
USA,N,2015
USA,N,2015
USA,N,2015
USA,N,2015
AUSTRALIA,N,2015
USA,N,2015
USA,N,2015
USA,N,2015
USA,N,2015
AUSTRALIA,N,2015
USA,N,2015
USA,N,2015
USA,N,2015
USA,N,2015
USA,N,2015
USA,N,2015
USA,N,2015
AUSTRALIA,N,2015
USA,N,2015
USA,N,2015
AUSTRALIA,N,2015
USA,N,2015
USA,N,2015
AUSTRALIA,N,2015
USA,N,2015
USA,N,2015
USA,N,2015
SPAIN,U,2015
USA,N,2015
AUSTRALIA,N,2015
COSTA RICA,N,2015
USA,N,2015
USA,U,2015
AUSTRALIA,Y,2015
USA,N,2015
AUSTRALIA,N,2015
REUNION,N,2015
SOUTH AFRICA,N,2015
USA,N,2015
USA,U,2015
BAHAMAS,N,2015
AUSTRALIA,N,2015
AUSTRALIA,N,2015
USA,N,2015
USA,N,2015
USA,N,2015
SOUTH AFRICA,N,2015
SOUTH AFRICA,N,2015
USA,N,2015
AUSTRALIA,N,2015
USA,N,2015
USA,N,2015
AUSTRALIA,N,2015
USA,N,2015
USA,N,2015
USA,N,2015
USA,N,2015
USA,N,2015
USA,N,2015
USA,N,2015
REUNION,N,2015
USA,N,2015
USA,N,2015
FRENCH POLYNESIA,N,2015
USA,N,2015
USA,N,2015
USA,N,2015
NEW CALEDONIA,Y,2015
AUSTRALIA,N,2015
SOUTH AFRICA,N,2015
USA,Y,2015
USA,N,2015
AUSTRALIA,N,2015
AUSTRALIA,N,2015
USA,N,2015
REUNION,Y,2015
USA,N,2015
BRAZIL,U,2015
SOUTH AFRICA,N,2015
EGYPT,Y,2015
USA,N,2015
FRENCH POLYNESIA,N,2015
MEXICO,N,2015
FRENCH POLYNESIA,N,2015
REUNION,Y,2015
AUSTRALIA,Y,2015
AUSTRALIA,N,2015
AUSTRALIA,N,2015
AUSTRALIA,N,2015
USA,N,2015
SOUTH AFRICA,N,2015
USA,N,2015
AUSTRALIA,N,2015
AUSTRALIA,N,2015
BAHAMAS,N,2015
SOUTH AFRICA,N,2015
USA,N,2015
AUSTRALIA,N,2014
AUSTRALIA,Y,2014
USA,N,2014
AUSTRALIA,N,2014
AUSTRALIA,Y,2014
AUSTRALIA,N,2014
AUSTRALIA,N,2014
USA,N,2014
USA,N,2014
USA,N,2014
USA,N,2014
AUSTRALIA,N,2014
USA,N,2014
USA,N,2014
AUSTRALIA,N,2014
USA,N,2014
USA,N,2014
USA,N,2014
USA,N,2014
USA,N,2014
USA,N,2014
USA,N,2014
AUSTRALIA,N,2014
FRENCH POLYNESIA,N,2014
AUSTRALIA,Y,2014
USA,N,2014
USA,N,2014
USA,N,2014
SPAIN,N,2014
USA,N,2014
USA,N,2014
USA,N,2014
SPAIN,N,2014
USA,N,2014
USA,N,2014
USA,N,2014
AUSTRALIA,N,2014
USA,N,2014
USA,N,2014
USA,N,2014
USA,N,2014
USA,N,2014
USA,N,2014
USA,N,2014
SOUTH AFRICA,N,2014
USA,N,2014
REUNION,N,2014
USA,N,2014
SPAIN,N,2014
USA,N,2014
USA,N,2014
BAHAMAS,U,2014
USA,N,2014
USA,N,2014
USA,N,2014
BAHAMAS,N,2014
AUSTRALIA,N,2014
AUSTRALIA,N,2014
USA,N,2014
AUSTRALIA,N,2014
JAPAN,N,2014
USA,N,2014
USA,N,2014
USA,N,2014
AUSTRALIA,N,2014
AUSTRALIA,N,2014
USA,N,2014
AUSTRALIA,N,2014
USA,N,2014
USA,N,2014
USA,N,2014
SOUTH AFRICA,N,2014
USA,N,2014
AUSTRALIA,N,2014
USA,N,2014
USA,N,2014
SOUTH AFRICA,N,2014
USA,N,2014
USA,N,2014
AUSTRALIA,Y,2014
AUSTRALIA,U,2014
SOUTH AFRICA,Y,2014
USA,N,2014
USA,N,2014
AUSTRALIA,N,2014
AUSTRALIA,N,2014
USA,N,2014
FRENCH POLYNESIA,N,2014
AUSTRALIA,Y,2014
NEW ZEALAND,N,2014
AUSTRALIA,N,2014
NEW ZEALAND,N,2014
JAPAN,N,2014
NEW CALEDONIA,N,2013
SOUTH AFRICA,N,2013
USA,N,2013
USA,N,2013
AUSTRALIA,N,2013
USA,Y,2013
AUSTRALIA,Y,2013
USA,N,2013
AUSTRALIA,Y,2013
USA,N,2013
AUSTRALIA,N,2013
USA,N,2013
USA,N,2013
AUSTRALIA,N,2013
REUNION,N,2013
AUSTRALIA,N,2013
AUSTRALIA,N,2013
USA,N,2013
USA,N,2013
USA,N,2013
SOUTH AFRICA,Y,2013
AUSTRALIA,N,2013
USA,N,2013
USA,N,2013
USA,N,2013
USA,N,2013
USA,N,2013
USA,N,2013
USA,N,2013
USA,N,2013
USA,N,2013
USA,N,2013
USA,N,2013
USA,N,2013
USA,N,2013
USA,U,2013
USA,N,2013
USA,N,2013
USA,N,2013
USA,Y,2013
USA,N,2013
USA,N,2013
USA,N,2013
USA,N,2013
USA,N,2013
BAHAMAS,N,2013
USA,N,2013
BAHAMAS,N,2013
BAHAMAS,N,2013
BRAZIL,Y,2013
USA,N,2013
USA,N,2013
REUNION,Y,2013
USA,N,2013
SPAIN,U,2013
AUSTRALIA,N,2013
USA,N,2013
USA,N,2013
USA,N,2013
USA,N,2013
USA,N,2013
USA,N,2013
USA,N,2013
AUSTRALIA,N,2013
USA,N,2013
USA,N,2013
ECUADOR,N,2013
USA,U,2013
REUNION,Y,2013
USA,N,2013
AUSTRALIA,N,2013
MEXICO,N,2013
AUSTRALIA,N,2013
USA,N,2013
SOUTH AFRICA,N,2013
USA,N,2013
FRENCH POLYNESIA,N,2013
USA,N,2013
USA,N,2013
AUSTRALIA,U,2013
BAHAMAS,N,2013
SOUTH AFRICA,N,2013
JAMAICA,Y,2013
AUSTRALIA,N,2013
PHILIPPINES,N,2013
SOUTH AFRICA,N,2013
NEW ZEALAND,Y,2013
USA,N,2013
USA,N,2013
USA,N,2013
FRENCH POLYNESIA,N,2013
AUSTRALIA,N,2013
USA,N,2013
NEW ZEALAND,N,2013
AUSTRALIA,N,2013
AUSTRALIA,N,2012
AUSTRALIA,N,2012
SOUTH AFRICA,Y,2012
AUSTRALIA,N,2012
USA,N,2012
AUSTRALIA,N,2012
NEW ZEALAND,N,2012
USA,N,2012
MEXICO,Y,2012
USA,N,2012
USA,N,2012
USA,N,2012
USA,N,2012
USA,N,2012
USA,Y,2012
USA,N,2012
USA,N,2012
USA,N,2012
AUSTRALIA,N,2012
USA,N,2012
USA,N,2012
USA,N,2012
TONGA,N,2012
USA,N,2012
USA,N,2012
USA,N,2012
USA,N,2012
USA,N,2012
USA,N,2012
USA,N,2012
USA,N,2012
SCOTLAND,N,2012
AUSTRALIA,N,2012
BRAZIL,Y,2012
USA,N,2012
AUSTRALIA,N,2012
USA,N,2012
REUNION,N,2012
FRENCH POLYNESIA,N,2012
USA,N,2012
AUSTRALIA,N,2012
USA,N,2012
USA,N,2012
CANADA,U,2012
AUSTRALIA,Y,2012
USA,N,2012
USA,N,2012
SOUTH AFRICA,N,2012
USA,N,2012
USA,N,2012
USA,N,2012
USA,N,2012
AUSTRALIA,N,2012
USA,U,2012
USA,N,2012
USA,N,2012
USA,N,2012
USA,N,2012
USA,N,2012
USA,N,2012
AUSTRALIA,N,2012
ITALY,U,2012
AUSTRALIA,N,2012
USA,N,2012
USA,N,2012
USA,N,2012
MEXICO,N,2012
USA,N,2012
USA,N,2012
USA,N,2012
USA,N,2012
USA,N,2012
USA,N,2012
SOUTH AFRICA,Y,2012
AUSTRALIA,N,2012
USA,N,2012
AUSTRALIA,Y,2012
USA,N,2012
AUSTRALIA,N,2012
AUSTRALIA,N,2012
USA,N,2012
USA,N,2012
USA,N,2012
AUSTRALIA,N,2012
REUNION,N,2012
USA,N,2012
USA,N,2012
AUSTRALIA,N,2012
SOUTH AFRICA,N,2012
AUSTRALIA,N,2012
USA,N,2012
AUSTRALIA,N,2012
TAIWAN,N,2012
AUSTRALIA,N,2012
SOUTH AFRICA,Y,2012
USA,N,2012
AUSTRALIA,N,2012
AUSTRALIA,N,2012
ECUADOR,N,2011
USA,N,2011
USA,N,2011
SOUTH AFRICA,N,2011
AUSTRALIA,N,2011
AUSTRALIA,N,2011
AUSTRALIA,N,2011
INDONESIA,N,2011
AUSTRALIA,N,2011
USA,N,2011
BRAZIL,N,2011
REUNION,N,2011
USA,N,2011
SCOTLAND,N,2011
SOUTH AFRICA,N,2011
AUSTRALIA,Y,2011
USA,N,2011
AUSTRALIA,N,2011
USA,N,2011
USA,N,2011
AUSTRALIA,Y,2011
REUNION,N,2011
USA,U,2011
SOUTH AFRICA,N,2011
USA,N,2011
USA,N,2011
REUNION,Y,2011
USA,N,2011
USA,N,2011
PAPUA NEW GUINEA,N,2011
AUSTRALIA,Y,2011
USA,N,2011
USA,N,2011
AUSTRALIA,U,2011
USA,N,2011
USA,N,2011
SOUTH AFRICA,Y,2011
USA,N,2011
FRENCH POLYNESIA,N,2011
USA,N,2011
USA,N,2011
USA,N,2011
BRAZIL,U,2011
SOUTH AFRICA,N,2011
USA,N,2011
BAHAMAS,N,2011
USA,N,2011
USA,N,2011
REUNION,N,2011
COLUMBIA,N,2011
BRAZIL,N,2011
SOUTH AFRICA,N,2011
USA,N,2011
USA,N,2011
USA,N,2011
COSTA RICA,Y,2011
REUNION,Y,2011
UNITED KINGDOM,N,2011
USA,N,2011
COLUMBIA,N,2011
USA,N,2011
USA,N,2011
USA,N,2011
SOUTH AFRICA,N,2011
USA,N,2011
USA,N,2011
SOUTH AFRICA,Y,2011
USA,N,2011
NEW CALEDONIA,Y,2011
USA,N,2011
USA,N,2011
SOUTH AFRICA,N,2011
USA,N,2011
AUSTRALIA,N,2011
USA,N,2011
NEW ZEALAND,N,2011
INDONESIA,N,2011
FIJI,N,2011
USA,N,2011
MEXICO,N,2011
AUSTRALIA,N,2011
AUSTRALIA,N,2011
AUSTRALIA,N,2011
NEW CALEDONIA,N,2011
REUNION,N,2011
AUSTRALIA,Y,2011
AUSTRALIA,N,2011
AUSTRALIA,N,2011
SOUTH AFRICA,N,2011
MEXICO,N,2011
MEXICO,N,2011
BAHAMAS,N,2011
AUSTRALIA,U,2011
SOUTH AFRICA,Y,2011
MEXICO,N,2011
AUSTRALIA,N,2011
USA,N,2010
USA,N,2010
EGYPT,Y,2010
EGYPT,N,2010
EGYPT,N,2010
EGYPT,N,2010
EGYPT,N,2010
AUSTRALIA,N,2010
AUSTRALIA,N,2010
USA,N,2010
AUSTRALIA,N,2010
USA,Y,2010
AUSTRALIA,N,2010
BAHAMAS,N,2010
SOUTH AFRICA,N,2010
USA,N,2010
USA,N,2010
SOUTH AFRICA,Y,2010
AUSTRALIA,N,2010
USA,N,2010
USA,N,2010
USA,N,2010
BAHAMAS,U,2010
USA,N,2010
AUSTRALIA,Y,2010
USA,N,2010
AUSTRALIA,N,2010
USA,N,2010
USA,N,2010
USA,N,2010
USA,N,2010
USA,N,2010
USA,N,2010
USA,N,2010
USA,N,2010
SPAIN,N,2010
USA,N,2010
SOUTH AFRICA,N,2010
USA,N,2010
USA,N,2010
USA,N,2010
USA,N,2010
USA,N,2010
USA,N,2010
VIETNAM,N,2010
USA,N,2010
AUSTRALIA,N,2010
USA,N,2010
USA,N,2010
VIETNAM,N,2010
VIETNAM,N,2010
USA,N,2010
USA,N,2010
USA,N,2010
SOUTH AFRICA,N,2010
EGYPT,N,2010
REUNION,N,2010
NEW ZEALAND,N,2010
SOUTH AFRICA,N,2010
FIJI,Y,2010
AUSTRALIA,N,2010
AUSTRALIA,N,2010
NEW ZEALAND,N,2010
AUSTRALIA,N,2010
USA,N,2010
USA,Y,2010
NEW ZEALAND,N,2010
BRAZIL,N,2010
SOUTH AFRICA,Y,2010
AUSTRALIA,N,2010
USA,N,2010
SOUTH AFRICA,N,2009
AUSTRALIA,N,2009
MOZAMBIQUE,N,2009
AUSTRALIA,N,2009
SOUTH AFRICA,Y,2009
NEW ZEALAND,Y,2009
AUSTRALIA,N,2009
AUSTRALIA,N,2009
USA,N,2009
USA,U,2009
USA,N,2009
USA,N,2009
USA,N,2009
USA,N,2009
USA,N,2009
AUSTRALIA,N,2009
USA,N,2009
AUSTRALIA,N,2009
MOZAMBIQUE,N,2009
AUSTRALIA,N,2009
USA,N,2009
PANAMA,N,2009
SCOTLAND,N,2009
AUSTRALIA,N,2009
UNITED KINGDOM,N,2009
USA,N,2009
USA,Y,2009
BRAZIL,Y,2009
USA,N,2009
SOUTH AFRICA,Y,2009
USA,N,2009
SOUTH AFRICA,N,2009
USA,N,2009
USA,N,2009
USA,N,2009
BAHAMAS,N,2009
AUSTRALIA,N,2009
VIETNAM,N,2009
USA,N,2009
SPAIN,U,2009
USA,N,2009
USA,N,2009
VIETNAM,N,2009
USA,N,2009
SOUTH AFRICA,N,2009
USA,N,2009
USA,N,2009
AUSTRALIA,N,2009
USA,U,2009
USA,U,2009
EGYPT,N,2009
EGYPT,N,2009
EGYPT,Y,2009
TAIWAN,N,2009
USA,N,2009
USA,N,2009
USA,N,2009
USA,N,2009
BAHAMAS,N,2009
USA,N,2009
PHILIPPINES,N,2009
USA,N,2009
USA,N,2009
USA,U,2009
AUSTRALIA,N,2009
SOUTH AFRICA,U,2009
USA,N,2009
USA,N,2009
SOUTH AFRICA,N,2009
SOUTH AFRICA,Y,2009
AUSTRALIA,N,2009
USA,N,2009
USA,N,2009
AUSTRALIA,N,2009
NEW CALEDONIA,Y,2009
SOUTH AFRICA,N,2009
AUSTRALIA,N,2009
AUSTRALIA,N,2009
AUSTRALIA,N,2009
AUSTRALIA,N,2009
CUBA,N,2009
AUSTRALIA,N,2009
SOUTH AFRICA,Y,2009
BRAZIL,U,2009
AUSTRALIA,N,2009
AUSTRALIA,N,2009
AUSTRALIA,N,2009
AUSTRALIA,N,2009
NEW ZEALAND,N,2009
ECUADOR,N,2009
NEW ZEALAND,N,2009
CUBA,N,2009
AUSTRALIA,N,2008
AUSTRALIA,N,2008
AUSTRALIA,N,2008
AUSTRALIA,Y,2008
USA,N,2008
NEW ZEALAND,N,2008
SOUTH AFRICA,N,2008
AUSTRALIA,N,2008
MOZAMBIQUE,Y,2008
EGYPT,N,2008
AUSTRALIA,N,2008
PHILIPPINES,Y,2008
AUSTRALIA,N,2008
AUSTRALIA,N,2008
AUSTRALIA,N,2008
USA,N,2008
CROATIA,N,2008
USA,N,2008
USA,N,2008
AUSTRALIA,N,2008
USA,N,2008
USA,N,2008
USA,N,2008
AUSTRALIA,N,2008
USA,N,2008
USA,N,2008
USA,N,2008
AUSTRALIA,N,2008
USA,U,2008
UNITED KINGDOM,N,2008
USA,N,2008
USA,N,2008
USA,N,2008
USA,U,2008
USA,N,2008
USA,N,2008
USA,N,2008
USA,N,2008
AUSTRALIA,N,2008
PANAMA,N,2008
MEXICO,N,2008
USA,N,2008
USA,N,2008
USA,N,2008
USA,N,2008
USA,N,2008
USA,N,2008
USA,N,2008
USA,U,2008
USA,N,2008
USA,N,2008
UNITED KINGDOM,N,2008
USA,U,2008
BAHAMAS,N,2008
SOUTH AFRICA,N,2008
SOUTH AFRICA,N,2008
USA,N,2008
USA,N,2008
USA,N,2008
USA,N,2008
BRAZIL,N,2008
USA,N,2008
SCOTLAND,N,2008
USA,N,2008
BRAZIL,N,2008
USA,N,2008
BAHAMAS,N,2008
MEXICO,N,2008
MEXICO,Y,2008
FIJI,Y,2008
AUSTRALIA,N,2008
NEW CALEDONIA,N,2008
USA,N,2008
MEXICO,Y,2008
USA,N,2008
USA,N,2008
NEW CALEDONIA,N,2008
USA,N,2008
USA,Y,2008
USA,N,2008
MEXICO,U,2008
AUSTRALIA,U,2008
USA,N,2008
USA,N,2008
AUSTRALIA,Y,2008
USA,N,2008
SOUTH AFRICA,N,2008
USA,N,2008
USA,N,2008
USA,N,2008
USA,N,2008
USA,N,2008
USA,N,2008
BAHAMAS,Y,2008
FRENCH POLYNESIA,N,2008
USA,N,2008
AUSTRALIA,N,2008
USA,N,2008
SOUTH AFRICA,N,2008
AUSTRALIA,N,2008
NEW ZEALAND,N,2008
USA,N,2008
USA,N,2008
MEXICO,N,2008
ECUADOR,N,2007
AUSTRALIA,N,2007
AUSTRALIA,N,2007
AUSTRALIA,U,2007
USA,N,2007
BRAZIL,N,2007
AUSTRALIA,N,2007
SOUTH AFRICA,N,2007
USA,N,2007
USA,N,2007
SOUTH AFRICA,N,2007
USA,N,2007
AUSTRALIA,N,2007
AUSTRALIA,N,2007
USA,N,2007
USA,N,2007
NEW CALEDONIA,Y,2007
BAHAMAS,N,2007
USA,N,2007
EGYPT,N,2007
USA,N,2007
USA,N,2007
USA,N,2007
USA,N,2007
USA,N,2007
USA,N,2007
USA,N,2007
USA,N,2007
USA,N,2007
USA,N,2007
USA,N,2007
USA,N,2007
USA,N,2007
USA,N,2007
USA,N,2007
USA,N,2007
USA,N,2007
USA,N,2007
USA,N,2007
USA,N,2007
USA,N,2007
USA,N,2007
USA,N,2007
USA,N,2007
USA,N,2007
USA,N,2007
USA,N,2007
USA,N,2007
USA,N,2007
USA,N,2007
AUSTRALIA,N,2007
USA,N,2007
USA,U,2007
USA,N,2007
BAHAMAS,N,2007
USA,N,2007
REUNION,N,2007
USA,N,2007
USA,N,2007
USA,N,2007
USA,U,2007
USA,N,2007
USA,N,2007
UNITED KINGDOM,N,2007
AUSTRALIA,N,2007
AUSTRALIA,N,2007
USA,N,2007
AUSTRALIA,U,2007
USA,N,2007
USA,N,2007
BAHAMAS,N,2007
AUSTRALIA,N,2007
USA,N,2007
USA,N,2007
USA,N,2007
NEW CALEDONIA,N,2007
USA,N,2007
USA,N,2007
USA,N,2007
AUSTRALIA,N,2007
USA,N,2007
AUSTRALIA,N,2007
USA,N,2007
NEW ZEALAND,N,2007
AUSTRALIA,N,2007
NEW CALEDONIA,N,2007
USA,N,2007
AUSTRALIA,N,2007
AUSTRALIA,U,2007
SOUTH AFRICA,Y,2007
AUSTRALIA,N,2007
USA,U,2007
USA,N,2007
AUSTRALIA,N,2006
NEW ZEALAND,N,2006
USA,N,2006
SOUTH AFRICA,N,2006
AUSTRALIA,N,2006
USA,N,2006
SOUTH AFRICA,N,2006
USA,N,2006
USA,N,2006
USA,N,2006
USA,N,2006
USA,N,2006
BAHAMAS,N,2006
SOUTH AFRICA,U,2006
USA,N,2006
USA,N,2006
USA,N,2006
USA,N,2006
USA,N,2006
AUSTRALIA,U,2006
USA,N,2006
USA,N,2006
SOUTH AFRICA,N,2006
USA,N,2006
AUSTRALIA,N,2006
REUNION,N,2006
REUNION,Y,2006
SOUTH AFRICA,N,2006
SOUTH AFRICA,N,2006
USA,N,2006
USA,N,2006
USA,N,2006
USA,N,2006
USA,N,2006
SOUTH AFRICA,N,2006
USA,N,2006
USA,N,2006
USA,N,2006
SPAIN,U,2006
USA,N,2006
USA,N,2006
USA,N,2006
USA,N,2006
USA,N,2006
USA,N,2006
USA,N,2006
USA,N,2006
BAHAMAS,N,2006
USA,N,2006
BRAZIL,Y,2006
USA,N,2006
USA,N,2006
USA,N,2006
AUSTRALIA,N,2006
USA,N,2006
USA,N,2006
USA,N,2006
USA,N,2006
BRAZIL,N,2006
USA,N,2006
USA,N,2006
AUSTRALIA,N,2006
USA,N,2006
USA,N,2006
USA,N,2006
AUSTRALIA,N,2006
SOUTH AFRICA,N,2006
BRAZIL,N,2006
USA,N,2006
USA,N,2006
SOUTH AFRICA,U,2006
FIJI,N,2006
AUSTRALIA,N,2006
USA,N,2006
USA,U,2006
AUSTRALIA,N,2006
AUSTRALIA,N,2006
SOUTH AFRICA,N,2006
TONGA,Y,2006
USA,N,2006
SOUTH AFRICA,N,2006
AUSTRALIA,N,2006
AUSTRALIA,Y,2006
USA,N,2006
SOUTH AFRICA,N,2006
USA,N,2005
USA,N,2005
AUSTRALIA,N,2005
AUSTRALIA,N,2005
USA,N,2005
USA,N,2005
AUSTRALIA,N,2005
AUSTRALIA,N,2005
SOUTH AFRICA,N,2005
USA,N,2005
USA,N,2005
SOUTH AFRICA,N,2005
USA,N,2005
USA,N,2005
USA,N,2005
USA,N,2005
SOUTH AFRICA,N,2005
USA,N,2005
USA,N,2005
USA,N,2005
USA,N,2005
USA,N,2005
BAHAMAS,N,2005
SOUTH AFRICA,N,2005
AUSTRALIA,N,2005
AUSTRALIA,N,2005
AUSTRALIA,N,2005
USA,N,2005
USA,Y,2005
AUSTRALIA,N,2005
USA,N,2005
AUSTRALIA,N,2005
USA,N,2005
AUSTRALIA,Y,2005
USA,N,2005
USA,U,2005
USA,N,2005
USA,N,2005
USA,N,2005
USA,N,2005
USA,N,2005
USA,N,2005
USA,U,2005
USA,N,2005
USA,N,2005
USA,N,2005
USA,N,2005
USA,Y,2005
VANUATU,Y,2005
USA,U,2005
USA,N,2005
USA,N,2005
USA,U,2005
SOUTH AFRICA,Y,2005
USA,N,2005
USA,N,2005
USA,N,2005
SOUTH AFRICA,N,2005
AUSTRALIA,N,2005
USA,N,2005
USA,N,2005
USA,N,2005
AUSTRALIA,N,2005
AUSTRALIA,N,2005
AUSTRALIA,N,2005
USA,N,2005
USA,U,2005
USA,N,2005
SOUTH AFRICA,N,2005
AUSTRALIA,Y,2005
USA,N,2005
NEW ZEALAND,N,2005
AUSTRALIA,N,2005
USA,N,2005
USA,N,2005
USA,N,2005
BRAZIL,N,2005
CUBA,N,2005
AUSTRALIA,N,2005
AUSTRALIA,N,2005
NEW ZEALAND,N,2005
SRI LANKA,U,2004
AUSTRALIA,Y,2004
AUSTRALIA,Y,2004
SOUTH AFRICA,N,2004
SOUTH AFRICA,N,2004
SOUTH AFRICA,Y,2004
USA,N,2004
VANUATU,N,2004
NEW CALEDONIA,N,2004
CUBA,N,2004
SOUTH AFRICA,N,2004
AUSTRALIA,N,2004
USA,N,2004
USA,N,2004
SOUTH AFRICA,N,2004
REUNION,N,2004
USA,N,2004
USA,N,2004
AUSTRALIA,N,2004
USA,N,2004
USA,N,2004
USA,N,2004
BRAZIL,N,2004
USA,N,2004
USA,Y,2004
USA,N,2004
AUSTRALIA,N,2004
SOUTH AFRICA,N,2004
USA,N,2004
USA,N,2004
USA,N,2004
USA,N,2004
USA,N,2004
AUSTRALIA,N,2004
JAPAN,N,2004
AUSTRALIA,Y,2004
EGYPT,N,2004
USA,N,2004
USA,N,2004
AUSTRALIA,N,2004
USA,N,2004
SOUTH AFRICA,Y,2004
USA,N,2004
BRAZIL,N,2004
USA,N,2004
USA,N,2004
USA,U,2004
BRAZIL,N,2004
BAHAMAS,N,2004
USA,N,2004
BRAZIL,Y,2004
AUSTRALIA,N,2004
NEW ZEALAND,N,2004
TONGA,Y,2004
TONGA,Y,2004
USA,Y,2004
SOUTH AFRICA,N,2004
USA,U,2004
USA,N,2004
BRAZIL,N,2004
USA,N,2004
REUNION,N,2004
USA,N,2004
USA,N,2004
NEW ZEALAND,N,2004
USA,N,2004
AUSTRALIA,N,2004
BRAZIL,Y,2004
NEW ZEALAND,N,2004
AUSTRALIA,U,2004
AUSTRALIA,N,2004
AUSTRALIA,N,2004
SOUTH AFRICA,N,2004
AUSTRALIA,N,2004
SOUTH AFRICA,N,2004
USA,U,2003
USA,N,2003
NEW ZEALAND,Y,2003
AUSTRALIA,N,2003
AUSTRALIA,N,2003
AUSTRALIA,N,2003
SOUTH AFRICA,Y,2003
USA,N,2003
INDIA,N,2003
USA,N,2003
EGYPT,N,2003
SOUTH AFRICA,N,2003
USA,N,2003
AUSTRALIA,N,2003
USA,N,2003
USA,N,2003
USA,U,2003
USA,N,2003
USA,Y,2003
USA,N,2003
USA,N,2003
USA,N,2003
USA,N,2003
FIJI,Y,2003
USA,N,2003
USA,N,2003
USA,N,2003
USA,N,2003
USA,N,2003
SOUTH AFRICA,N,2003
USA,U,2003
USA,N,2003
USA,N,2003
SOUTH AFRICA,Y,2003
USA,N,2003
USA,Y,2003
USA,U,2003
SOUTH AFRICA,N,2003
AUSTRALIA,N,2003
USA,N,2003
USA,N,2003
BAHAMAS,N,2003
USA,N,2003
USA,N,2003
BAHAMAS,N,2003
USA,N,2003
NEW ZEALAND,N,2003
USA,N,2003
USA,N,2003
USA,N,2003
USA,N,2003
USA,N,2003
USA,N,2003
USA,N,2003
USA,U,2003
USA,N,2003
USA,N,2003
USA,N,2003
USA,N,2003
USA,N,2003
BRAZIL,N,2003
BRAZIL,N,2003
BRAZIL,N,2003
USA,N,2003
USA,N,2003
USA,N,2003
USA,N,2003
USA,N,2003
USA,N,2003
USA,N,2003
USA,N,2003
USA,N,2003
USA,N,2003
NEW ZEALAND,N,2003
AUSTRALIA,N,2003
USA,N,2003
AUSTRALIA,N,2003
AUSTRALIA,Y,2003
SOUTH AFRICA,U,2003
COSTA RICA,N,2003
AUSTRALIA,N,2003
AUSTRALIA,N,2002
SOUTH AFRICA,N,2002
AUSTRALIA,N,2002
AUSTRALIA,U,2002
AUSTRALIA,Y,2002
BRAZIL,Y,2002
USA,N,2002
USA,N,2002
USA,N,2002
USA,N,2002
FRENCH POLYNESIA,N,2002
USA,N,2002
BRAZIL,Y,2002
USA,N,2002
USA,N,2002
USA,N,2002
USA,N,2002
USA,N,2002
USA,N,2002
USA,N,2002
USA,N,2002
TONGA,N,2002
USA,N,2002
USA,N,2002
BRAZIL,N,2002
SOUTH AFRICA,N,2002
USA,N,2002
USA,N,2002
USA,N,2002
USA,N,2002
USA,N,2002
USA,N,2002
USA,N,2002
UNITED KINGDOM,N,2002
USA,N,2002
USA,N,2002
USA,N,2002
USA,N,2002
USA,Y,2002
BRAZIL,N,2002
USA,N,2002
AUSTRALIA,N,2002
USA,N,2002
USA,N,2002
USA,N,2002
USA,N,2002
USA,N,2002
SOUTH AFRICA,N,2002
USA,N,2002
USA,N,2002
USA,N,2002
USA,N,2002
COSTA RICA,N,2002
PAPUA NEW GUINEA,N,2002
USA,N,2002
BRAZIL,N,2002
AUSTRALIA,N,2002
AUSTRALIA,Y,2002
AUSTRALIA,U,2002
USA,N,2002
USA,N,2002
AUSTRALIA,N,2002
BAHAMAS,N,2002
USA,N,2002
USA,N,2002
USA,N,2002
USA,N,2002
BRAZIL,Y,2002
USA,N,2002
USA,N,2002
USA,N,2002
NEW CALEDONIA,U,2002
AUSTRALIA,N,2002
AUSTRALIA,N,2002
AUSTRALIA,N,2002
AUSTRALIA,N,2002
SOUTH AFRICA,N,2002
SOUTH AFRICA,N,2002
USA,N,2002
AUSTRALIA,N,2001
AUSTRALIA,N,2001
SOUTH AFRICA,N,2001
AUSTRALIA,N,2001
MEXICO,N,2001
AUSTRALIA,N,2001
USA,N,2001
USA,N,2001
USA,Y,2001
USA,N,2001
USA,N,2001
UNITED KINGDOM,N,2001
USA,N,2001
USA,N,2001
USA,N,2001
USA,Y,2001
USA,N,2001
USA,N,2001
USA,Y,2001
BAHAMAS,N,2001
USA,N,2001
USA,N,2001
USA,N,2001
USA,N,2001
USA,N,2001
USA,N,2001
USA,N,2001
USA,N,2001
USA,N,2001
USA,N,2001
USA,N,2001
USA,N,2001
BAHAMAS,N,2001
BAHAMAS,N,2001
USA,N,2001
USA,N,2001
USA,N,2001
MEXICO,N,2001
USA,N,2001
USA,N,2001
USA,N,2001
USA,N,2001
AUSTRALIA,U,2001
USA,N,2001
USA,N,2001
SOUTH AFRICA,N,2001
AUSTRALIA,N,2001
USA,N,2001
USA,N,2001
USA,N,2001
USA,N,2001
USA,N,2001
USA,N,2001
USA,N,2001
USA,N,2001
USA,N,2001
USA,N,2001
USA,N,2001
USA,N,2001
SOUTH AFRICA,N,2001
AUSTRALIA,N,2001
USA,N,2001
BRAZIL,N,2001
AUSTRALIA,N,2001
USA,N,2001
BRAZIL,U,2001
BRAZIL,Y,2001
AUSTRALIA,N,2001
AUSTRALIA,N,2001
AUSTRALIA,N,2001
CUBA,N,2001
AUSTRALIA,N,2001
USA,N,2001
NEW ZEALAND,N,2001
AUSTRALIA,N,2000
FIJI,Y,2000
AUSTRALIA,N,2000
CANADA,N,2000
AUSTRALIA,N,2000
AUSTRALIA,N,2000
AUSTRALIA,U,2000
USA,N,2000
USA,U,2000
AUSTRALIA,N,2000
AUSTRALIA,Y,2000
USA,N,2000
AUSTRALIA,N,2000
USA,N,2000
USA,N,2000
USA,N,2000
USA,N,2000
USA,N,2000
USA,N,2000
USA,N,2000
USA,N,2000
AUSTRALIA,Y,2000
AUSTRALIA,Y,2000
AUSTRALIA,N,2000
USA,N,2000
USA,N,2000
USA,N,2000
USA,N,2000
SOUTH AFRICA,N,2000
USA,N,2000
REUNION,N,2000
USA,N,2000
USA,Y,2000
USA,N,2000
USA,N,2000
USA,N,2000
USA,N,2000
USA,U,2000
USA,N,2000
USA,N,2000
USA,N,2000
SOUTH AFRICA,N,2000
SOUTH AFRICA,N,2000
TONGA,N,2000
USA,N,2000
USA,N,2000
USA,N,2000
USA,N,2000
USA,N,2000
USA,N,2000
USA,N,2000
USA,N,2000
NEW ZEALAND,N,2000
USA,N,2000
USA,N,2000
USA,N,2000
USA,N,2000
USA,N,2000
USA,N,2000
NEW CALEDONIA,Y,2000
PAPUA NEW GUINEA,N,2000
USA,N,2000
AUSTRALIA,N,2000
USA,N,2000
USA,N,2000
NEW CALEDONIA,Y,2000
AUSTRALIA,N,2000
AUSTRALIA,N,2000
NEW ZEALAND,U,2000
USA,N,2000
SOUTH AFRICA,N,2000
UNITED KINGDOM,N,2000
NEW ZEALAND,N,2000
AUSTRALIA,N,2000
USA,N,2000
NEW ZEALAND,N,1999
NEW ZEALAND,N,1999
NEW ZEALAND,N,1999
BRAZIL,N,1999
BRAZIL,N,1999
USA,N,1999
USA,N,1999
USA,N,1999
USA,N,1999
SOUTH AFRICA,N,1999
BRAZIL,N,1999
MARSHALL ISLANDS,N,1999
MARSHALL ISLANDS,N,1999
USA,N,1999
USA,N,1999
USA,N,1999
USA,N,1999
USA,N,1999
ITALY,N,1999
USA,N,1999
USA,N,1999
USA,N,1999
USA,N,1999
USA,N,1999
USA,N,1999
USA,N,1999
MARSHALL ISLANDS,N,1999
USA,N,1999
USA,N,1999
USA,N,1999
BAHAMAS,N,1999
SOUTH AFRICA,N,1999
USA,N,1999
USA,N,1999
SOUTH AFRICA,Y,1999
USA,N,1999
SOUTH AFRICA,N,1999
USA,N,1999
USA,N,1999
USA,N,1999
USA,N,1999
AUSTRALIA,Y,1999
BRAZIL,N,1999
REUNION,Y,1999
USA,N,1999
NEW ZEALAND,N,1999
USA,Y,1999
NEW CALEDONIA,N,1999
USA,N,1999
USA,N,1999
USA,N,1999
AUSTRALIA,N,1999
USA,N,1999
SOUTH AFRICA,N,1999
AUSTRALIA,U,1999
REUNION,Y,1999
SOUTH AFRICA,N,1999
USA,N,1998
AUSTRALIA,N,1998
SOUTH AFRICA,N,1998
SOUTH AFRICA,N,1998
AUSTRALIA,N,1998
USA,Y,1998
USA,N,1998
USA,N,1998
USA,N,1998
JAPAN,N,1998
BRAZIL,Y,1998
USA,N,1998
SOUTH AFRICA,N,1998
BRAZIL,N,1998
USA,N,1998
USA,N,1998
USA,N,1998
SENEGAL,N,1998
USA,N,1998
USA,N,1998
USA,N,1998
BAHAMAS,N,1998
USA,N,1998
SOUTH AFRICA,N,1998
SOUTH AFRICA,N,1998
SOUTH AFRICA,N,1998
USA,N,1998
SOUTH AFRICA,N,1998
SOUTH AFRICA,N,1998
SOUTH AFRICA,N,1998
AUSTRALIA,Y,1998
SOUTH AFRICA,Y,1998
USA,N,1998
SOUTH AFRICA,N,1998
SOUTH AFRICA,N,1998
SOUTH AFRICA,N,1998
USA,N,1998
USA,N,1998
USA,N,1998
SOUTH AFRICA,N,1998
MOZAMBIQUE,Y,1998
USA,N,1998
USA,N,1998
USA,N,1998
SOUTH AFRICA,N,1998
USA,N,1998
USA,N,1998
AUSTRALIA,U,1998
NEW CALEDONIA,N,1998
SOUTH AFRICA,N,1998
MOZAMBIQUE,N,1998
SOUTH AFRICA,Y,1998
USA,N,1998
SOUTH AFRICA,Y,1997
USA,N,1997
AUSTRALIA,N,1997
AUSTRALIA,U,1997
AUSTRALIA,N,1997
USA,N,1997
USA,N,1997
USA,N,1997
SOUTH AFRICA,N,1997
USA,N,1997
BRAZIL,Y,1997
USA,N,1997
USA,N,1997
USA,N,1997
USA,N,1997
USA,N,1997
USA,N,1997
MEXICO,U,1997
MEXICO,Y,1997
USA,N,1997
EGYPT,N,1997
EGYPT,Y,1997
USA,N,1997
USA,N,1997
USA,N,1997
USA,N,1997
USA,N,1997
AUSTRALIA,N,1997
SOUTH AFRICA,Y,1997
USA,N,1997
USA,N,1997
FIJI,N,1997
USA,N,1997
USA,N,1997
USA,N,1997
USA,N,1997
USA,N,1997
BAHAMAS,N,1997
BRAZIL,N,1997
AUSTRALIA,N,1997
AUSTRALIA,N,1997
AUSTRALIA,N,1997
AUSTRALIA,N,1997
AUSTRALIA,Y,1997
AUSTRALIA,N,1997
AUSTRALIA,U,1996
SOUTH AFRICA,N,1996
USA,N,1996
USA,N,1996
USA,N,1996
USA,N,1996
USA,N,1996
USA,N,1996
NEW ZEALAND,N,1996
USA,N,1996
USA,N,1996
USA,N,1996
USA,U,1996
SOUTH AFRICA,N,1996
USA,N,1996
USA,N,1996
USA,N,1996
USA,N,1996
EGYPT,N,1996
USA,N,1996
USA,N,1996
USA,N,1996
USA,N,1996
AUSTRALIA,N,1996
SOUTH AFRICA,N,1996
AUSTRALIA,Y,1996
USA,N,1996
USA,N,1996
AUSTRALIA,N,1996
AUSTRALIA,N,1996
AUSTRALIA,N,1996
AUSTRALIA,N,1996
AUSTRALIA,N,1996
USA,N,1996
PAPUA NEW GUINEA,Y,1996
AUSTRALIA,N,1996
USA,N,1996
AUSTRALIA,N,1996
USA,N,1996
AUSTRALIA,N,1996
REUNION,Y,1996
NEW ZEALAND,N,1995
USA,N,1995
AUSTRALIA,N,1995
USA,N,1995
USA,N,1995
USA,N,1995
USA,N,1995
USA,N,1995
USA,N,1995
USA,Y,1995
AUSTRALIA,Y,1995
USA,N,1995
USA,U,1995
USA,N,1995
USA,N,1995
USA,N,1995
USA,N,1995
USA,N,1995
USA,N,1995
USA,N,1995
USA,N,1995
TONGA,N,1995
USA,N,1995
USA,U,1995
USA,N,1995
USA,N,1995
USA,N,1995
USA,N,1995
USA,N,1995
USA,N,1995
USA,N,1995
BRAZIL,Y,1995
SOUTH AFRICA,N,1984
USA,N,1995
USA,N,1995
USA,N,1995
USA,N,1995
USA,N,1995
USA,N,1995
USA,N,1995
USA,N,1995
HONG KONG,Y,1995
HONG KONG,Y,1995
HONG KONG,Y,1995
USA,N,1995
FIJI,Y,1995
AUSTRALIA,N,1995
JAPAN,Y,1995
AUSTRALIA,N,1995
SOUTH AFRICA,N,1995
SOUTH AFRICA,Y,1995
BRAZIL,N,1995
AUSTRALIA,N,1995
SOUTH AFRICA,N,1994
AUSTRALIA,U,1994
USA,Y,1994
SOUTH AFRICA,N,1994
USA,N,1994
USA,N,1994
USA,N,1994
USA,N,1994
USA,N,1994
USA,Y,1994
USA,N,1994
BRAZIL,N,1994
REUNION,Y,1994
SOUTH AFRICA,Y,1994
SOUTH AFRICA,N,1994
USA,N,1994
BAHAMAS,N,1994
USA,N,1994
USA,N,1994
USA,N,1994
USA,N,1994
USA,N,1994
USA,N,1994
BAHAMAS,N,1994
USA,N,1994
SOUTH AFRICA,Y,1994
USA,N,1994
BRAZIL,N,1994
SOUTH AFRICA,N,1994
USA,N,1994
SOUTH AFRICA,N,1994
USA,Y,1994
SOUTH AFRICA,N,1994
AUSTRALIA,N,1994
AUSTRALIA,N,1994
SOUTH AFRICA,N,1994
USA,Y,1993
USA,N,1993
AUSTRALIA,Y,1993
USA,N,1993
USA,N,1993
USA,N,1993
USA,N,1993
SOUTH AFRICA,N,1993
USA,N,1993
SPAIN,N,1993
BAHAMAS,N,1993
USA,N,1993
USA,N,1993
USA,N,1993
AUSTRALIA,N,1993
USA,N,1993
SOUTH AFRICA,N,1993
USA,N,1993
REUNION,N,1993
HONG KONG,Y,1993
MEXICO,Y,1993
USA,N,1993
AUSTRALIA,Y,1993
AUSTRALIA,Y,1993
HONG KONG,Y,1993
USA,N,1993
AUSTRALIA,U,1993
USA,N,1993
USA,N,1993
USA,N,1993
TONGA,N,1993
AUSTRALIA,N,1993
BRAZIL,N,1993
AUSTRALIA,N,1993
USA,N,1993
TONGA,N,1993
USA,N,1993
USA,N,1992
USA,N,1992
USA,N,1992
USA,N,1992
USA,N,1992
USA,N,1992
FIJI,N,1992
USA,N,1992
USA,N,1992
USA,Y,1992
USA,N,1992
USA,N,1992
AUSTRALIA,N,1992
AUSTRALIA,Y,1992
USA,N,1992
USA,N,1992
BAHAMAS,N,1992
AUSTRALIA,N,1992
USA,N,1992
USA,N,1992
USA,N,1992
REUNION,Y,1992
VANUATU,N,1992
JAPAN,N,1992
USA,U,1992
REUNION,Y,1992
NEW ZEALAND,N,1992
SOUTH AFRICA,N,1992
USA,N,1992
AUSTRALIA,N,1992
JAPAN,Y,1992
USA,N,1992
USA,Y,1992
JAPAN,N,1992
AUSTRALIA,U,1992
REUNION,N,1992
AUSTRALIA,N,1992
SOUTH AFRICA,N,1992
SOUTH AFRICA,N,1992
USA,N,1991
USA,Y,1991
USA,N,1991
USA,Y,1991
USA,N,1991
AUSTRALIA,N,1991
USA,N,1991
USA,N,1991
AUSTRALIA,Y,1991
AUSTRALIA,N,1991
USA,N,1991
USA,N,1991
USA,N,1991
ITALY,N,1991
USA,N,1991
USA,N,1991
USA,N,1991
REUNION,N,1991
USA,N,1991
USA,N,1991
USA,N,1991
USA,N,1991
HONG KONG,Y,1991
USA,N,1991
SOUTH AFRICA,N,1991
BRAZIL,N,1991
USA,N,1991
USA,N,1991
USA,N,1991
AUSTRALIA,N,1991
USA,N,1991
SOUTH AFRICA,N,1991
AUSTRALIA,N,1991
AUSTRALIA,N,1991
AUSTRALIA,N,1991
AUSTRALIA,N,1990
USA,N,1990
USA,N,1990
USA,N,1990
USA,N,1990
AUSTRALIA,N,1990
USA,N,1990
USA,N,1990
USA,N,1990
SOUTH AFRICA,N,1990
USA,N,1990
USA,N,1990
USA,U,1990
USA,N,1990
USA,N,1990
USA,N,1990
USA,N,1990
SOUTH AFRICA,Y,1990
BAHAMAS,N,1990
SOUTH AFRICA,N,1990
AUSTRALIA,N,1990
AUSTRALIA,N,1990
SOUTH AFRICA,N,1990
SOUTH AFRICA,N,1990
AUSTRALIA,N,1990
AUSTRALIA,Y,1990
AUSTRALIA,N,1990
AUSTRALIA,N,1990
REUNION,N,1990
USA,Y,1990
USA,N,1990
USA,N,1990
USA,U,1990
AUSTRALIA,U,1989
AUSTRALIA,U,1989
AUSTRALIA,N,1989
SOUTH AFRICA,Y,1989
AUSTRALIA,N,1989
AUSTRALIA,N,1989
AUSTRALIA,N,1989
USA,N,1989
USA,U,1989
AUSTRALIA,U,1989
SOUTH AFRICA,N,1989
USA,N,1989
USA,N,1989
USA,N,1989
USA,N,1989
USA,N,1989
AUSTRALIA,N,1989
USA,N,1989
SOUTH AFRICA,N,1989
AUSTRALIA,N,1989
BAHAMAS,N,1989
AUSTRALIA,N,1989
SOUTH AFRICA,N,1989
USA,N,1989
USA,N,1989
USA,N,1989
ITALY,N,1989
SOUTH AFRICA,N,1989
SOUTH AFRICA,N,1989
USA,N,1989
USA,N,1989
AUSTRALIA,Y,1989
AUSTRALIA,N,1989
SOUTH AFRICA,N,1989
ITALY,Y,1989
USA,U,1989
USA,Y,1989
USA,N,1989
SOUTH AFRICA,N,1989
AUSTRALIA,N,1989
PAPUA NEW GUINEA,N,1989
AUSTRALIA,Y,1988
AUSTRALIA,Y,1988
USA,N,1988
AUSTRALIA,N,1988
USA,N,1988
USA,N,1988
USA,N,1988
AUSTRALIA,N,1988
USA,N,1988
USA,N,1988
USA,N,1988
USA,Y,1988
USA,N,1988
USA,N,1988
USA,N,1988
USA,N,1988
SOUTH AFRICA,N,1988
USA,N,1988
USA,N,1988
USA,N,1988
USA,N,1988
USA,N,1988
USA,N,1988
USA,N,1988
USA,N,1988
USA,N,1988
USA,N,1988
SOUTH AFRICA,N,1988
SOUTH AFRICA,N,1988
SOUTH AFRICA,N,1988
AUSTRALIA,N,1988
FIJI,N,1988
SOUTH AFRICA,U,1988
SOUTH AFRICA,N,1988
SOUTH AFRICA,N,1988
AUSTRALIA,N,1988
USA,N,1987
USA,N,1987
USA,N,1987
SOUTH AFRICA,U,1987
SOUTH AFRICA,N,1987
AUSTRALIA,Y,1987
SOUTH AFRICA,N,1987
USA,N,1987
USA,N,1987
USA,N,1987
USA,N,1987
USA,N,1987
USA,N,1987
BAHAMAS,N,1987
USA,N,1987
USA,N,1987
USA,N,1987
VANUATU,Y,1987
AUSTRALIA,N,1987
USA,N,1987
SOUTH AFRICA,N,1987
AUSTRALIA,N,1987
ITALY,N,1987
SOUTH AFRICA,N,1986
SOUTH AFRICA,Y,1986
USA,N,1986
BAHAMAS,N,1986
USA,N,1986
SOUTH AFRICA,U,1986
USA,N,1986
USA,N,1986
USA,N,1986
SOUTH AFRICA,N,1986
USA,N,1986
SOUTH AFRICA,N,1986
USA,N,1986
USA,N,1986
USA,N,1986
SOUTH AFRICA,U,1986
AUSTRALIA,N,1986
AUSTRALIA,N,1986
USA,N,1986
SOUTH AFRICA,N,1986
AUSTRALIA,N,1986
SPAIN,N,1986
SPAIN,N,1986
SOUTH AFRICA,N,1986
SOUTH AFRICA,N,1986
SOUTH AFRICA,N,1986
SOUTH AFRICA,N,1986
SOUTH AFRICA,N,1986
AUSTRALIA,N,1986
USA,N,1986
USA,N,1986
AUSTRALIA,N,1985
USA,N,1985
USA,N,1985
SOUTH AFRICA,N,1985
USA,N,1985
USA,N,1985
USA,N,1985
USA,N,1985
USA,N,1985
SOUTH AFRICA,U,1985
USA,N,1985
USA,U,1985
USA,N,1985
USA,U,1985
USA,U,1985
USA,N,1985
USA,N,1985
USA,N,1985
USA,N,1985
ITALY,N,1985
USA,N,1985
SOUTH AFRICA,N,1985
USA,N,1985
AUSTRALIA,Y,1985
USA,N,1985
USA,N,1985
SOUTH AFRICA,N,1985
SOUTH AFRICA,N,1985
NEW ZEALAND,N,1985
SOUTH AFRICA,N,1985
NEW CALEDONIA,N,1985
SOUTH AFRICA,N,1985
ITALY,N,1984
AUSTRALIA,Y,1984
USA,N,1984
USA,N,1984
USA,U,1984
USA,N,1984
USA,U,1984
USA,N,1984
USA,N,1984
USA,N,1984
USA,N,1984
USA,N,1984
USA,N,1984
USA,Y,1984
MEXICO,N,1984
USA,U,1984
USA,N,1984
USA,N,1984
SOUTH AFRICA,U,1984
SOUTH AFRICA,N,1984
SOUTH AFRICA,N,1984
USA,N,1984
VANUATU,Y,1984
SOUTH AFRICA,N,1984
SOUTH AFRICA,N,1984
SOUTH AFRICA,N,1984
SOUTH AFRICA,N,1984
AUSTRALIA,N,1984
SOUTH AFRICA,N,1984
USA,N,1984
USA,N,1983
AUSTRALIA,N,1983
SOUTH AFRICA,N,1983
SOUTH AFRICA,N,1983
USA,N,1983
USA,N,1983
USA,N,1983
USA,N,1983
USA,N,1983
SOUTH AFRICA,N,1983
USA,N,1983
USA,N,1983
USA,N,1983
AUSTRALIA,Y,1983
AUSTRALIA,Y,1983
AUSTRALIA,N,1983
SOUTH AFRICA,N,1983
USA,N,1983
BAHAMAS,N,1983
USA,N,1983
USA,N,1983
BAHAMAS,Y,1983
USA,N,1983
BAHAMAS,N,1983
USA,N,1983
USA,N,1983
USA,N,1983
SOUTH AFRICA,N,1983
USA,N,1983
SOUTH AFRICA,N,1983
SOUTH AFRICA,N,1983
SOUTH AFRICA,N,1983
USA,N,1983
SOUTH AFRICA,N,1983
SOUTH AFRICA,N,1983
USA,N,1982
SOUTH AFRICA,N,1982
SOUTH AFRICA,N,1982
USA,N,1982
USA,N,1982
USA,N,1982
USA,U,1982
SOUTH AFRICA,N,1982
SOUTH AFRICA,U,1982
SOUTH AFRICA,N,1982
USA,N,1982
USA,N,1982
USA,U,1982
USA,N,1982
SOUTH AFRICA,Y,1982
USA,N,1982
BAHAMAS,N,1982
USA,N,1982
USA,N,1982
AUSTRALIA,Y,1982
AUSTRALIA,Y,1982
USA,N,1982
USA,Y,1982
USA,N,1982
USA,Y,1982
SOUTH AFRICA,N,1982
ITALY,U,1982
ITALY,N,1982
USA,Y,1981
USA,N,1981
SOUTH AFRICA,N,1981
USA,N,1981
USA,N,1981
USA,N,1981
USA,N,1981
USA,N,1981
USA,Y,1981
USA,N,1981
USA,N,1981
USA,N,1981
USA,N,1981
USA,N,1981
USA,Y,1981
BAHAMAS,N,1981
USA,N,1981
SOUTH AFRICA,N,1981
USA,N,1981
SOUTH AFRICA,N,1981
SOUTH AFRICA,N,1981
USA,N,1981
USA,N,1981
SOUTH AFRICA,N,1981
SOUTH AFRICA,N,1981
USA,N,1981
USA,N,1981
BRAZIL,U,1981
SOUTH AFRICA,N,1981
AUSTRALIA,N,1981
USA,N,1981
USA,N,1981
SOUTH AFRICA,U,1981
AUSTRALIA,N,1981
SOUTH AFRICA,N,1980
REUNION,N,1980
BRAZIL,Y,1980
USA,N,1980
USA,N,1980
USA,N,1980
USA,N,1980
SPAIN,N,1980
USA,N,1980
USA,N,1980
USA,N,1980
SOUTH AFRICA,N,1980
MEXICO,N,1980
SOUTH AFRICA,Y,1980
BRAZIL,N,1980
SOUTH AFRICA,N,1980
SOUTH AFRICA,N,1980
SOUTH AFRICA,N,1980
SOUTH AFRICA,N,1980
SOUTH AFRICA,N,1980
SOUTH AFRICA,U,1980
TONGA,N,1980
SOUTH AFRICA,N,1979
USA,N,1979
SOUTH AFRICA,N,1979
SOUTH AFRICA,N,1979
AUSTRALIA,N,1979
USA,N,1979
USA,N,1979
USA,U,1979
SOUTH AFRICA,N,1979
USA,N,1979
USA,N,1979
USA,N,1979
USA,N,1979
SOUTH AFRICA,N,1979
SOUTH AFRICA,Y,1978
USA,N,1978
USA,N,1978
SOUTH AFRICA,N,1978
ITALY,N,1978
AUSTRALIA,N,1978
USA,N,1978
USA,N,1978
USA,N,1978
USA,N,1978
USA,N,1978
MARSHALL ISLANDS,N,1978
MARSHALL ISLANDS,N,1978
AUSTRALIA,N,1978
SOUTH AFRICA,N,1978
SOUTH AFRICA,N,1978
SOUTH AFRICA,N,1978
USA,N,1977
USA,N,1977
SOUTH AFRICA,N,1977
SOUTH AFRICA,N,1977
SOUTH AFRICA,N,1977
SOUTH AFRICA,N,1977
AUSTRALIA,N,1977
AUSTRALIA,Y,1977
SOUTH AFRICA,N,1977
USA,N,1977
USA,U,1977
USA,N,1977
USA,N,1977
USA,N,1977
SOUTH AFRICA,N,1977
USA,N,1977
SOUTH AFRICA,N,1977
AUSTRALIA,N,1977
AUSTRALIA,Y,1977
AUSTRALIA,Y,1977
AUSTRALIA,N,1977
USA,N,1976
SOUTH AFRICA,N,1976
USA,N,1976
SOUTH AFRICA,U,1976
SOUTH AFRICA,N,1976
SOUTH AFRICA,N,1976
USA,N,1976
SOUTH AFRICA,N,1976
AUSTRALIA,N,1976
USA,Y,1976
USA,N,1976
USA,N,1976
USA,N,1976
USA,N,1976
USA,N,1976
USA,Y,1976
USA,N,1976
USA,N,1976
USA,N,1976
ITALY,N,1976
AUSTRALIA,N,1976
SOUTH AFRICA,N,1976
USA,N,1976
SOUTH AFRICA,N,1976
SOUTH AFRICA,N,1976
SOUTH AFRICA,N,1976
SOUTH AFRICA,N,1976
USA,N,1976
NEW ZEALAND,Y,1976
AUSTRALIA,N,1975
USA,N,1975
AUSTRALIA,N,1975
AUSTRALIA,N,1975
SOUTH AFRICA,N,1975
USA,N,1975
AUSTRALIA,N,1975
SOUTH AFRICA,N,1975
SOUTH AFRICA,N,1975
USA,N,1975
USA,N,1975
AUSTRALIA,Y,1975
USA,N,1975
AUSTRALIA,N,1975
USA,N,1975
USA,N,1975
USA,N,1975
AUSTRALIA,N,1975
USA,N,1975
USA,N,1975
USA,N,1975
USA,N,1975
USA,N,1975
USA,N,1975
USA,N,1975
ITALY,U,1975
SOUTH AFRICA,N,1975
USA,N,1975
AUSTRALIA,N,1975
SOUTH AFRICA,N,1975
SOUTH AFRICA,N,1975
AUSTRALIA,Y,1975
AUSTRALIA,N,1975
SOUTH AFRICA,N,1975
AUSTRALIA,Y,1975
USA,N,1974
USA,N,1974
USA,N,1974
USA,N,1974
USA,N,1974
AUSTRALIA,N,1974
USA,N,1974
CROATIA,Y,1974
USA,N,1974
USA,N,1974
USA,Y,1974
USA,Y,1974
USA,N,1974
USA,N,1974
SOUTH AFRICA,N,1974
SOUTH AFRICA,N,1974
USA,N,1974
SOUTH AFRICA,N,1974
SOUTH AFRICA,N,1974
SOUTH AFRICA,N,1974
SOUTH AFRICA,N,1974
SOUTH AFRICA,N,1974
SOUTH AFRICA,N,1974
SOUTH AFRICA,N,1974
SOUTH AFRICA,N,1974
AUSTRALIA,Y,1974
SOUTH AFRICA,N,1974
MOZAMBIQUE,Y,1974
AUSTRALIA,N,1974
MOZAMBIQUE,N,1973
MOZAMBIQUE,Y,1973
MEXICO,Y,1973
USA,N,1973
BAHAMAS,N,1973
MEXICO,Y,1973
AUSTRALIA,N,1973
USA,N,1973
MEXICO,Y,1973
MOZAMBIQUE,Y,1973
SOUTH AFRICA,N,1973
MEXICO,Y,1973
SOUTH AFRICA,N,1973
USA,N,1973
SOUTH AFRICA,N,1973
SOUTH AFRICA,N,1972
MOZAMBIQUE,N,1972
MEXICO,Y,1972
SOUTH AFRICA,N,1972
AUSTRALIA,N,1972
AUSTRALIA,N,1972
USA,Y,1972
USA,N,1972
NEW ZEALAND,N,1972
USA,N,1972
MOZAMBIQUE,U,1972
USA,N,1972
USA,N,1972
AUSTRALIA,N,1972
USA,N,1972
USA,N,1972
FRENCH POLYNESIA,N,1972
MOZAMBIQUE,Y,1972
AUSTRALIA,N,1972
SOUTH AFRICA,Y,1972
SOUTH AFRICA,N,1972
MOZAMBIQUE,N,1972
SOUTH AFRICA,N,1971
USA,N,1971
SOUTH AFRICA,N,1971
USA,N,1971
USA,N,1971
CROATIA,Y,1971
AUSTRALIA,Y,1971
AUSTRALIA,N,1971
USA,N,1971
USA,N,1971
SOUTH AFRICA,N,1971
SOUTH AFRICA,Y,1971
MEXICO,Y,1971
NEW ZEALAND,N,1971
AUSTRALIA,N,1971
MOZAMBIQUE,Y,1970
MOZAMBIQUE,Y,1970
USA,N,1970
USA,N,1970
USA,N,1970
SOUTH AFRICA,N,1970
USA,N,1970
MOZAMBIQUE,N,1970
MOZAMBIQUE,N,1970
MOZAMBIQUE,N,1970
MOZAMBIQUE,N,1970
MEXICO,N,1970
UNITED KINGDOM,N,1970
SPAIN,N,1970
ITALY,N,1970
CROATIA,U,1970
IRAQ,N,1970
IRAQ,N,1970
IRAQ,Y,1970
IRAQ,N,1970
AUSTRALIA,N,1969
USA,N,1969
USA,N,1969
USA,N,1969
USA,N,1969
USA,N,1969
USA,N,1969
USA,N,1969
USA,N,1969
USA,U,1969
JAMAICA,N,1969
USA,N,1969
USA,N,1969
USA,N,1969
USA,N,1969
AUSTRALIA,N,1969
USA,N,1969
AUSTRALIA,N,1969
AUSTRALIA,U,1969
AUSTRALIA,N,1969
AUSTRALIA,N,1968
NEW ZEALAND,N,1968
SOUTH AFRICA,N,1968
SOUTH AFRICA,N,1968
USA,N,1968
NEW ZEALAND,Y,1968
USA,N,1968
USA,N,1968
FRENCH POLYNESIA,N,1968
COLUMBIA,N,1968
USA,N,1968
USA,N,1968
USA,N,1968
BAHAMAS,N,1968
USA,N,1968
USA,U,1968
USA,N,1968
AUSTRALIA,N,1968
PAPUA NEW GUINEA,Y,1968
AUSTRALIA,N,1968
SOUTH AFRICA,N,1968
USA,N,1968
USA,U,1968
USA,N,1968
AUSTRALIA,N,1968
NEW ZEALAND,N,1968
AUSTRALIA,N,1968
PAPUA NEW GUINEA,Y,1968
SOUTH AFRICA,N,1967
PAPUA NEW GUINEA,U,1967
AUSTRALIA,Y,1967
AUSTRALIA,N,1967
AUSTRALIA,N,1967
USA,N,1967
ITALY,U,1967
PAPUA NEW GUINEA,Y,1967
USA,N,1967
AUSTRALIA,Y,1967
BERMUDA,N,1967
AUSTRALIA,U,1967
USA,N,1967
BAHAMAS,N,1967
SENEGAL,N,1967
USA,N,1967
USA,N,1967
ITALY,N,1967
AUSTRALIA,N,1967
AUSTRALIA,N,1967
NEW ZEALAND,N,1967
SOUTH AFRICA,N,1967
AUSTRALIA,N,1967
NEW ZEALAND,Y,1967
PAPUA NEW GUINEA,N,1967
SOUTH AFRICA,N,1967
SOUTH AFRICA,N,1967
MOZAMBIQUE,N,1967
AUSTRALIA,N,1967
AUSTRALIA,N,1966
AUSTRALIA,N,1966
AUSTRALIA,N,1966
AUSTRALIA,N,1966
PAPUA NEW GUINEA,Y,1966
PAPUA NEW GUINEA,Y,1966
PAPUA NEW GUINEA,Y,1966
AUSTRALIA,N,1966
USA,N,1966
AUSTRALIA,N,1966
USA,N,1966
CROATIA,Y,1966
ITALY,N,1966
USA,U,1966
USA,N,1966
USA,N,1966
USA,N,1966
USA,N,1966
TAIWAN,Y,1966
PAPUA NEW GUINEA,Y,1966
USA,U,1966
USA,N,1966
USA,N,1966
USA,N,1966
AUSTRALIA,Y,1966
AUSTRALIA,N,1966
AUSTRALIA,Y,1966
USA,U,1966
AUSTRALIA,N,1966
AUSTRALIA,N,1966
SOUTH AFRICA,N,1966
USA,N,1966
AUSTRALIA,N,1966
SOUTH AFRICA,N,1966
AUSTRALIA,N,1966
SOUTH AFRICA,N,1966
NEW ZEALAND,Y,1966
USA,N,1966
USA,U,1966
AUSTRALIA,N,1965
AUSTRALIA,N,1965
AUSTRALIA,Y,1965
AUSTRALIA,N,1965
BAHAMAS,N,1965
BAHAMAS,Y,1965
PAPUA NEW GUINEA,N,1965
PAPUA NEW GUINEA,N,1965
MEXICO,N,1965
USA,N,1965
BAHAMAS,N,1965
MEXICO,Y,1965
USA,U,1965
MEXICO,N,1965
MEXICO,N,1965
USA,N,1965
USA,U,1965
USA,N,1965
USA,N,1965
USA,N,1965
SOUTH AFRICA,N,1965
USA,N,1965
USA,U,1965
SOUTH AFRICA,N,1965
SOUTH AFRICA,N,1965
AUSTRALIA,N,1965
USA,N,1965
USA,N,1965
USA,N,1965
EGYPT,N,1965
SOUTH AFRICA,N,1964
AUSTRALIA,N,1964
PAPUA NEW GUINEA,N,1964
AUSTRALIA,N,1964
AUSTRALIA,Y,1964
AUSTRALIA,N,1964
AUSTRALIA,N,1964
TAIWAN,Y,1964
TAIWAN,N,1964
USA,N,1964
MEXICO,N,1964
USA,U,1964
USA,N,1964
USA,N,1964
JAPAN,N,1964
PANAMA,N,1964
SOUTH AFRICA,N,1964
SOUTH AFRICA,Y,1964
USA,N,1964
USA,U,1964
USA,N,1964
PAPUA NEW GUINEA,N,1964
FIJI,N,1964
SOUTH AFRICA,U,1964
PANAMA,N,1964
FIJI,Y,1964
PANAMA,Y,1964
AUSTRALIA,N,1964
PAPUA NEW GUINEA,Y,1964
USA,N,1964
SENEGAL,N,1964
FIJI,Y,1964
NEW ZEALAND,N,1964
SOUTH AFRICA,N,1964
NEW ZEALAND,N,1964
NEW ZEALAND,Y,1964
AUSTRALIA,U,1964
NEW ZEALAND,N,1964
USA,N,1964
SOUTH AFRICA,N,1964
SOUTH AFRICA,N,1964
SOUTH AFRICA,N,1964
AUSTRALIA,N,1964
USA,N,1964
FIJI,N,1964
SOUTH AFRICA,N,1964
SOUTH AFRICA,N,1963
SOUTH AFRICA,N,1963
AUSTRALIA,N,1963
SOUTH AFRICA,Y,1963
SOUTH AFRICA,N,1963
AUSTRALIA,N,1963
SOUTH AFRICA,N,1963
SOUTH AFRICA,Y,1963
AUSTRALIA,N,1963
NEW ZEALAND,N,1963
PAPUA NEW GUINEA,N,1963
FIJI,N,1963
FIJI,N,1963
ITALY,N,1963
AUSTRALIA,N,1963
USA,N,1963
USA,N,1963
USA,U,1963
AUSTRALIA,N,1963
USA,N,1963
USA,N,1963
USA,N,1963
GREECE,Y,1963
PAPUA NEW GUINEA,N,1963
AUSTRALIA,N,1963
USA,Y,1963
SOUTH AFRICA,N,1963
AUSTRALIA,N,1963
USA,N,1963
AUSTRALIA,N,1963
FIJI,N,1963
AUSTRALIA,Y,1963
AUSTRALIA,U,1963
SOUTH AFRICA,N,1963
NEW ZEALAND,N,1963
SOUTH AFRICA,N,1963
SOUTH AFRICA,N,1963
SOUTH AFRICA,N,1963
AUSTRALIA,N,1963
SOUTH AFRICA,N,1962
AUSTRALIA,Y,1962
SOUTH AFRICA,N,1962
AUSTRALIA,N,1962
USA,N,1962
AUSTRALIA,N,1962
SOUTH AFRICA,N,1962
MEXICO,Y,1962
AUSTRALIA,N,1962
USA,U,1962
MEXICO,N,1962
ITALY,Y,1962
PAPUA NEW GUINEA,N,1962
USA,N,1962
SOUTH AFRICA,N,1962
USA,Y,1962
USA,N,1962
PAPUA NEW GUINEA,Y,1962
ITALY,N,1962
SENEGAL,N,1962
USA,N,1962
USA,N,1962
USA,N,1962
USA,N,1962
SOUTH AFRICA,N,1962
USA,N,1962
USA,N,1962
USA,Y,1962
USA,Y,1962
PAPUA NEW GUINEA,Y,1962
USA,N,1962
USA,N,1962
USA,N,1962
AUSTRALIA,N,1962
MOZAMBIQUE,N,1962
SOUTH AFRICA,N,1962
SOUTH AFRICA,N,1962
AUSTRALIA,N,1962
PAPUA NEW GUINEA,Y,1962
PAPUA NEW GUINEA,N,1962
NEW ZEALAND,N,1962
AUSTRALIA,N,1962
SOUTH AFRICA,Y,1962
SOUTH AFRICA,Y,1962
AUSTRALIA,N,1962
NEW ZEALAND,N,1962
AUSTRALIA,N,1962
SOUTH AFRICA,U,1962
NEW ZEALAND,N,1962
NEW ZEALAND,N,1962
USA,N,1962
AUSTRALIA,N,1962
AUSTRALIA,N,1962
AUSTRALIA,N,1962
PAPUA NEW GUINEA,N,1962
NEW ZEALAND,N,1962
AUSTRALIA,N,1962
AUSTRALIA,U,1962
AUSTRALIA,N,1962
MARSHALL ISLANDS,N,1962
AUSTRALIA,Y,1961
AUSTRALIA,N,1961
SOUTH AFRICA,N,1961
AUSTRALIA,N,1961
AUSTRALIA,N,1961
MOZAMBIQUE,N,1961
AUSTRALIA,Y,1961
AUSTRALIA,N,1961
USA,U,1961
VANUATU,N,1961
CROATIA,Y,1961
ITALY,N,1961
USA,N,1961
USA,N,1961
BERMUDA,N,1961
USA,N,1961
USA,N,1961
AUSTRALIA,N,1961
ITALY,N,1961
USA,Y,1961
USA,N,1961
USA,N,1961
PAPUA NEW GUINEA,N,1961
USA,N,1961
USA,N,1961
USA,U,1961
AUSTRALIA,N,1961
MOZAMBIQUE,N,1961
SOUTH AFRICA,N,1961
USA,N,1961
AUSTRALIA,N,1961
AUSTRALIA,N,1961
MOZAMBIQUE,Y,1961
AUSTRALIA,N,1961
AUSTRALIA,N,1961
AUSTRALIA,N,1961
AUSTRALIA,N,1961
AUSTRALIA,N,1961
SOUTH AFRICA,N,1961
USA,N,1961
AUSTRALIA,N,1961
SOUTH AFRICA,N,1961
SOUTH AFRICA,Y,1961
AUSTRALIA,N,1961
SOUTH AFRICA,N,1961
SOUTH AFRICA,N,1961
AUSTRALIA,N,1961
SOUTH AFRICA,N,1961
AUSTRALIA,N,1961
MOZAMBIQUE,N,1961
SOUTH AFRICA,N,1961
COLUMBIA,N,1961
SENEGAL,Y,1961
AUSTRALIA,N,1960
SOUTH AFRICA,Y,1960
AUSTRALIA,N,1960
AUSTRALIA,N,1960
AUSTRALIA,N,1960
USA,U,1960
AUSTRALIA,N,1960
AUSTRALIA,N,1960
SOUTH AFRICA,N,1960
USA,N,1960
SOUTH AFRICA,N,1960
AUSTRALIA,U,1960
PAPUA NEW GUINEA,N,1960
SOUTH AFRICA,N,1960
USA,N,1960
USA,N,1960
USA,N,1960
USA,N,1960
USA,N,1960
UNITED KINGDOM,N,1960
USA,N,1960
PAPUA NEW GUINEA,N,1960
USA,N,1960
USA,N,1960
USA,N,1960
NEW ZEALAND,N,1960
USA,N,1960
USA,U,1960
USA,N,1960
PANAMA,N,1960
BERMUDA,N,1960
USA,N,1960
SOUTH AFRICA,N,1960
USA,N,1960
AUSTRALIA,N,1960
SOUTH AFRICA,N,1960
BERMUDA,U,1960
AUSTRALIA,N,1960
AUSTRALIA,N,1960
AUSTRALIA,N,1960
AUSTRALIA,N,1960
AUSTRALIA,N,1960
SOUTH AFRICA,N,1960
USA,N,1960
AUSTRALIA,N,1960
NEW ZEALAND,N,1960
USA,U,1960
PAPUA NEW GUINEA,Y,1960
AUSTRALIA,N,1960
AUSTRALIA,N,1960
AUSTRALIA,Y,1960
AUSTRALIA,N,1960
AUSTRALIA,N,1960
SRI LANKA,N,1960
SRI LANKA,N,1960
PAPUA NEW GUINEA,N,1960
MOZAMBIQUE,Y,1960
SOUTH AFRICA,N,1960
AUSTRALIA,N,1959
AUSTRALIA,N,1959
PAPUA NEW GUINEA,Y,1959
AUSTRALIA,Y,1959
AUSTRALIA,N,1959
NEW ZEALAND,N,1959
AUSTRALIA,N,1959
AUSTRALIA,N,1959
AUSTRALIA,N,1959
SOUTH AFRICA,N,1959
AUSTRALIA,N,1959
USA,N,1959
AUSTRALIA,N,1959
MOZAMBIQUE,Y,1959
USA,N,1959
FIJI,Y,1959
FIJI,N,1959
PHILIPPINES,N,1959
USA,N,1959
USA,U,1959
USA,N,1959
PHILIPPINES,U,1959
USA,U,1959
USA,Y,1959
USA,N,1959
USA,N,1959
CROATIA,N,1959
JAPAN,Y,1959
USA,N,1959
ITALY,U,1959
USA,N,1959
USA,N,1959
JAPAN,Y,1959
USA,N,1959
USA,N,1959
USA,N,1959
USA,N,1959
USA,Y,1959
SOUTH AFRICA,N,1959
USA,N,1959
USA,Y,1959
USA,N,1959
AUSTRALIA,U,1959
AUSTRALIA,N,1959
USA,N,1959
PHILIPPINES,Y,1959
USA,N,1959
AUSTRALIA,N,1959
PAPUA NEW GUINEA,N,1959
SOUTH AFRICA,N,1959
AUSTRALIA,N,1959
ECUADOR,N,1959
AUSTRALIA,N,1959
AUSTRALIA,Y,1959
AUSTRALIA,N,1959
SOUTH AFRICA,N,1959
MOZAMBIQUE,Y,1959
AUSTRALIA,N,1959
SOUTH AFRICA,Y,1958
USA,Y,1958
AUSTRALIA,Y,1958
USA,N,1958
USA,N,1958
PAPUA NEW GUINEA,N,1958
BAHAMAS,N,1958
USA,N,1958
MEXICO,N,1958
CROATIA,N,1958
USA,N,1958
USA,N,1958
USA,N,1958
PAPUA NEW GUINEA,Y,1958
BAHAMAS,N,1958
USA,N,1958
USA,N,1958
USA,N,1958
USA,N,1958
TAIWAN,N,1958
SOUTH AFRICA,Y,1958
SOUTH AFRICA,Y,1958
USA,N,1958
AUSTRALIA,N,1958
AUSTRALIA,N,1958
SOUTH AFRICA,Y,1958
TONGA,N,1958
PAPUA NEW GUINEA,Y,1958
SOUTH AFRICA,N,1958
SOUTH AFRICA,N,1957
SOUTH AFRICA,N,1957
SOUTH AFRICA,Y,1957
SOUTH AFRICA,Y,1957
SOUTH AFRICA,N,1957
USA,N,1957
USA,N,1957
USA,Y,1957
AUSTRALIA,N,1957
AUSTRALIA,N,1957
USA,Y,1957
AUSTRALIA,N,1957
USA,N,1957
AUSTRALIA,N,1957
PAPUA NEW GUINEA,N,1957
USA,N,1957
USA,N,1957
SOUTH AFRICA,Y,1957
USA,N,1957
CUBA,N,1957
CUBA,Y,1957
USA,N,1957
FIJI,N,1957
PAPUA NEW GUINEA,Y,1956
PAPUA NEW GUINEA,Y,1956
NEW ZEALAND,N,1956
SOUTH AFRICA,N,1956
PAPUA NEW GUINEA,N,1956
SENEGAL,N,1956
USA,N,1956
ITALY,N,1956
PAPUA NEW GUINEA,Y,1956
USA,Y,1956
AUSTRALIA,N,1956
USA,N,1956
SOUTH AFRICA,N,1956
PAPUA NEW GUINEA,N,1956
USA,Y,1956
USA,N,1956
USA,N,1956
USA,N,1956
AUSTRALIA,N,1956
SOUTH AFRICA,N,1956
ITALY,U,1956
AUSTRALIA,N,1956
AUSTRALIA,Y,1956
AUSTRALIA,N,1956
AUSTRALIA,Y,1956
AUSTRALIA,N,1956
AUSTRALIA,N,1956
AUSTRALIA,N,1956
GREECE,Y,1956
USA,N,1956
USA,U,1956
PAPUA NEW GUINEA,N,1955
AUSTRALIA,N,1955
USA,N,1955
USA,N,1955
CROATIA,Y,1955
USA,N,1955
AUSTRALIA,N,1955
JAPAN,Y,1955
USA,N,1955
USA,N,1955
PAPUA NEW GUINEA,N,1955
AUSTRALIA,Y,1955
PAPUA NEW GUINEA,N,1955
AUSTRALIA,N,1955
USA,N,1955
USA,N,1955
AUSTRALIA,Y,1955
INDIA,N,1955
AUSTRALIA,N,1955
AUSTRALIA,Y,1955
CUBA,N,1955
COLUMBIA,N,1955
AUSTRALIA,Y,1954
SOUTH AFRICA,N,1954
USA,N,1954
UNITED KINGDOM,N,1954
CROATIA,U,1954
USA,N,1954
AUSTRALIA,Y,1954
ITALY,N,1954
CUBA,N,1954
CUBA,N,1954
BERMUDA,N,1954
USA,N,1954
AUSTRALIA,N,1954
AUSTRALIA,Y,1954
AUSTRALIA,N,1954
PAPUA NEW GUINEA,N,1954
USA,N,1954
PAPUA NEW GUINEA,N,1954
SOUTH AFRICA,N,1953
SOUTH AFRICA,N,1953
AUSTRALIA,N,1953
AUSTRALIA,N,1953
USA,N,1953
USA,N,1953
MEXICO,U,1953
MEXICO,Y,1953
USA,Y,1953
USA,N,1953
CANADA,N,1953
PANAMA,N,1953
USA,N,1953
IRAN,N,1953
AUSTRALIA,N,1953
AUSTRALIA,N,1953
PAPUA NEW GUINEA,Y,1953
AUSTRALIA,N,1953
AUSTRALIA,N,1953
AUSTRALIA,N,1953
AUSTRALIA,N,1952
ITALY,N,1952
USA,Y,1952
USA,Y,1952
ITALY,Y,1952
USA,N,1952
USA,N,1952
USA,N,1952
USA,N,1952
USA,N,1952
USA,N,1952
AUSTRALIA,N,1952
AUSTRALIA,N,1952
AUSTRALIA,N,1952
PAPUA NEW GUINEA,Y,1952
PAPUA NEW GUINEA,Y,1952
MOZAMBIQUE,Y,1951
AUSTRALIA,N,1951
AUSTRALIA,Y,1951
SOUTH AFRICA,N,1951
JAMAICA,N,1951
SOUTH AFRICA,N,1951
AUSTRALIA,Y,1951
ITALY,Y,1951
AUSTRALIA,Y,1951
GREECE,N,1951
GREECE,Y,1951
FRENCH POLYNESIA,N,1951
AUSTRALIA,N,1951
AUSTRALIA,N,1951
SOUTH AFRICA,N,1951
SOUTH AFRICA,N,1951
AUSTRALIA,N,1951
AUSTRALIA,N,1951
SOUTH AFRICA,Y,1951
AUSTRALIA,N,1950
AUSTRALIA,N,1950
AUSTRALIA,Y,1950
AUSTRALIA,N,1950
AUSTRALIA,N,1950
AUSTRALIA,N,1950
USA,N,1950
AUSTRALIA,N,1950
AUSTRALIA,N,1950
JAPAN,Y,1950
USA,N,1950
USA,N,1950
USA,N,1950
USA,Y,1950
SOUTH AFRICA,N,1950
ITALY,N,1950
AUSTRALIA,Y,1950
SOUTH AFRICA,N,1950
SOUTH AFRICA,N,1950
SOUTH AFRICA,Y,1950
AUSTRALIA,N,1950
SOUTH AFRICA,Y,1950
AUSTRALIA,N,1950
SRI LANKA,N,1950
SRI LANKA,N,1950
INDONESIA,Y,1950
PANAMA,N,1950
AUSTRALIA,N,1949
AUSTRALIA,N,1949
AUSTRALIA,N,1949
AUSTRALIA,Y,1949
ITALY,U,1949
AUSTRALIA,N,1949
ITALY,N,1949
IRAN,Y,1949
USA,N,1949
USA,N,1949
AUSTRALIA,N,1949
AUSTRALIA,N,1949
AUSTRALIA,N,1949
AUSTRALIA,Y,1949
AUSTRALIA,Y,1949
AUSTRALIA,U,1949
ITALY,N,1949
PAPUA NEW GUINEA,Y,1949
AUSTRALIA,Y,1948
AUSTRALIA,Y,1948
CUBA,N,1948
AUSTRALIA,N,1948
GREECE,Y,1948
IRAN,N,1948
BAHAMAS,N,1948
USA,Y,1948
PAPUA NEW GUINEA,N,1948
AUSTRALIA,Y,1948
AUSTRALIA,N,1948
USA,N,1948
AUSTRALIA,N,1947
AUSTRALIA,N,1947
AUSTRALIA,N,1947
AUSTRALIA,N,1947
AUSTRALIA,Y,1947
AUSTRALIA,N,1947
BRAZIL,Y,1947
USA,Y,1947
USA,N,1947
AUSTRALIA,N,1947
SOUTH AFRICA,N,1947
USA,N,1947
AUSTRALIA,N,1947
SOUTH AFRICA,N,1947
SOUTH AFRICA,N,1947
AUSTRALIA,N,1947
SOUTH AFRICA,N,1947
SOUTH AFRICA,N,1947
BAHAMAS,N,1947
AUSTRALIA,N,1947
SOUTH AFRICA,N,1947
AUSTRALIA,N,1946
AUSTRALIA,Y,1946
AUSTRALIA,N,1946
AUSTRALIA,Y,1946
IRAN,N,1946
IRAN,N,1946
AUSTRALIA,Y,1946
AUSTRALIA,N,1946
AUSTRALIA,N,1946
SOUTH AFRICA,N,1946
AUSTRALIA,N,1946
SOUTH AFRICA,N,1946
SOUTH AFRICA,N,1946
AUSTRALIA,N,1946
SOUTH AFRICA,N,1946
AUSTRALIA,Y,1946
SOUTH AFRICA,N,1946
IRAN,N,1945
SOUTH AFRICA,N,1945
PANAMA,N,1945
IRAQ,N,1945
PHILIPPINES,N,1944
USA,N,1944
USA,N,1944
SOUTH AFRICA,Y,1944
SOUTH AFRICA,Y,1944
USA,N,1944
SOUTH AFRICA,N,1944
SOUTH AFRICA,Y,1944
SOUTH AFRICA,N,1944
SOUTH AFRICA,N,1944
SOUTH AFRICA,Y,1944
AUSTRALIA,N,1944
AUSTRALIA,N,1944
SOUTH AFRICA,Y,1944
SOUTH AFRICA,Y,1943
PANAMA,Y,1943
MEXICO,U,1943
AUSTRALIA,N,1943
AUSTRALIA,Y,1943
SOUTH AFRICA,Y,1943
USA,N,1943
USA,N,1943
AUSTRALIA,Y,1942
SOUTH AFRICA,Y,1942
SOUTH AFRICA,N,1942
SOUTH AFRICA,Y,1942
AUSTRALIA,N,1942
ITALY,N,1942
AUSTRALIA,Y,1942
AUSTRALIA,N,1942
BAHAMAS,N,1942
AUSTRALIA,N,1941
USA,N,1941
USA,N,1941
USA,N,1941
USA,N,1941
USA,N,1941
AUSTRALIA,N,1941
IRAN,Y,1941
AUSTRALIA,Y,1940
SOUTH AFRICA,Y,1940
PANAMA,Y,1940
USA,N,1940
SOUTH AFRICA,Y,1940
AUSTRALIA,N,1940
SOUTH AFRICA,Y,1940
AUSTRALIA,Y,1940
AUSTRALIA,N,1940
AUSTRALIA,Y,1940
AUSTRALIA,N,1940
SOUTH AFRICA,Y,1940
AUSTRALIA,U,1939
AUSTRALIA,Y,1939
AUSTRALIA,N,1939
USA,N,1939
AUSTRALIA,N,1939
USA,N,1939
BAHAMAS,N,1939
USA,N,1939
PAPUA NEW GUINEA,Y,1939
PAPUA NEW GUINEA,Y,1939
NEW ZEALAND,N,1939
AUSTRALIA,N,1939
BAHAMAS,N,1939
AUSTRALIA,Y,1938
AUSTRALIA,N,1938
USA,N,1938
AUSTRALIA,Y,1938
AUSTRALIA,N,1938
IRAQ,N,1938
AUSTRALIA,N,1938
SOUTH AFRICA,N,1938
AUSTRALIA,U,1938
AUSTRALIA,Y,1937
AUSTRALIA,Y,1937
AUSTRALIA,Y,1937
AUSTRALIA,N,1937
AUSTRALIA,N,1937
SCOTLAND,N,1937
SCOTLAND,N,1937
SCOTLAND,N,1937
AUSTRALIA,N,1937
PANAMA,Y,1937
AUSTRALIA,N,1937
USA,Y,1937
USA,N,1937
AUSTRALIA,Y,1937
AUSTRALIA,U,1937
AUSTRALIA,U,1937
AUSTRALIA,Y,1937
AUSTRALIA,N,1937
AUSTRALIA,N,1937
USA,N,1936
AUSTRALIA,N,1936
AUSTRALIA,Y,1936
AUSTRALIA,Y,1936
AUSTRALIA,N,1936
AUSTRALIA,N,1936
CANADA,N,1936
USA,N,1936
USA,Y,1936
USA,N,1936
AUSTRALIA,Y,1936
AUSTRALIA,N,1936
USA,N,1936
AUSTRALIA,N,1936
AUSTRALIA,N,1936
AUSTRALIA,Y,1936
AUSTRALIA,Y,1936
AUSTRALIA,U,1936
AUSTRALIA,N,1936
AUSTRALIA,N,1935
AUSTRALIA,N,1935
USA,Y,1935
AUSTRALIA,Y,1935
USA,U,1935
USA,U,1935
CROATIA,Y,1935
USA,N,1935
SOUTH AFRICA,N,1935
AUSTRALIA,N,1935
AUSTRALIA,U,1935
AUSTRALIA,N,1935
AUSTRALIA,N,1935
AUSTRALIA,Y,1935
AUSTRALIA,Y,1935
AUSTRALIA,N,1935
AUSTRALIA,N,1935
AUSTRALIA,N,1935
AUSTRALIA,N,1934
AUSTRALIA,Y,1934
AUSTRALIA,Y,1934
AUSTRALIA,N,1934
AUSTRALIA,Y,1934
BERMUDA,N,1934
ITALY,N,1934
CROATIA,Y,1934
USA,N,1934
AUSTRALIA,N,1934
AUSTRALIA,N,1934
USA,Y,1934
AUSTRALIA,N,1934
SOUTH AFRICA,N,1934
AUSTRALIA,Y,1934
AUSTRALIA,Y,1934
AUSTRALIA,N,1934
AUSTRALIA,N,1934
AUSTRALIA,N,1934
AUSTRALIA,N,1934
AUSTRALIA,Y,1933
AUSTRALIA,N,1933
USA,N,1933
USA,N,1933
USA,N,1933
AUSTRALIA,N,1933
USA,Y,1933
AUSTRALIA,N,1933
AUSTRALIA,N,1933
AUSTRALIA,N,1933
AUSTRALIA,Y,1933
AUSTRALIA,N,1932
USA,N,1932
BAHAMAS,N,1932
CANADA,N,1932
USA,N,1932
AUSTRALIA,N,1932
AUSTRALIA,U,1932
MEXICO,Y,1932
SOUTH AFRICA,N,1932
AUSTRALIA,N,1931
USA,N,1931
CUBA,Y,1931
CUBA,Y,1931
FIJI,N,1931
USA,N,1931
USA,N,1931
AUSTRALIA,Y,1931
AUSTRALIA,N,1931
AUSTRALIA,U,1931
AUSTRALIA,N,1931
AUSTRALIA,N,1930
AUSTRALIA,N,1930
AUSTRALIA,N,1930
SPAIN,N,1930
CUBA,N,1930
USA,N,1930
AUSTRALIA,Y,1930
SOUTH AFRICA,N,1930
AUSTRALIA,Y,1929
AUSTRALIA,N,1929
AUSTRALIA,Y,1929
USA,N,1929
AUSTRALIA,N,1929
USA,N,1929
AUSTRALIA,N,1929
AUSTRALIA,N,1929
AUSTRALIA,Y,1929
AUSTRALIA,N,1929
AUSTRALIA,Y,1929
AUSTRALIA,Y,1929
AUSTRALIA,Y,1929
AUSTRALIA,N,1929
USA,N,1929
USA,N,1929
USA,N,1928
PANAMA,Y,1928
ITALY,N,1928
AUSTRALIA,N,1928
AUSTRALIA,N,1928
AUSTRALIA,N,1928
AUSTRALIA,Y,1928
AUSTRALIA,Y,1928
SOUTH AFRICA,N,1928
SOUTH AFRICA,N,1928
SOUTH AFRICA,Y,1927
AUSTRALIA,N,1927
NEW ZEALAND,N,1927
SOUTH AFRICA,N,1927
AUSTRALIA,Y,1927
AUSTRALIA,Y,1927
AUSTRALIA,N,1926
USA,Y,1926
ITALY,Y,1926
USA,N,1926
USA,N,1926
USA,Y,1926
USA,N,1926
AUSTRALIA,Y,1926
SOUTH AFRICA,N,1926
AUSTRALIA,Y,1925
AUSTRALIA,N,1925
AUSTRALIA,Y,1925
PAPUA NEW GUINEA,Y,1925
CANADA,N,1925
MEXICO,Y,1924
PANAMA,N,1924
USA,Y,1924
AUSTRALIA,N,1924
USA,N,1924
UNITED KINGDOM,N,1924
USA,N,1924
AUSTRALIA,Y,1924
SPAIN,N,1924
AUSTRALIA,N,1924
SOUTH AFRICA,Y,1924
AUSTRALIA,Y,1924
AUSTRALIA,N,1923
USA,N,1923
AUSTRALIA,Y,1923
AUSTRALIA,Y,1922
USA,N,1922
USA,Y,1922
JAMAICA,Y,1922
SOUTH AFRICA,N,1922
JAMAICA,Y,1922
AUSTRALIA,Y,1922
AUSTRALIA,Y,1922
AUSTRALIA,Y,1922
AUSTRALIA,N,1922
AUSTRALIA,Y,1922
AUSTRALIA,N,1921
AUSTRALIA,Y,1921
AUSTRALIA,N,1921
AUSTRALIA,Y,1921
UNITED KINGDOM,N,1921
PHILIPPINES,Y,1921
AUSTRALIA,N,1920
AUSTRALIA,N,1920
USA,U,1920
USA,N,1920
CANADA,N,1920
AUSTRALIA,N,1920
SOUTH AFRICA,N,1920
AUSTRALIA,Y,1920
SOUTH AFRICA,N,1920
AUSTRALIA,N,1919
AUSTRALIA,Y,1919
USA,Y,1919
AUSTRALIA,U,1919
AUSTRALIA,N,1919
AUSTRALIA,Y,1919
AUSTRALIA,Y,1919
AUSTRALIA,Y,1918
AUSTRALIA,N,1918
USA,N,1917
AUSTRALIA,N,1916
AUSTRALIA,Y,1916
AUSTRALIA,Y,1916
USA,N,1916
USA,Y,1916
USA,Y,1916
USA,Y,1916
USA,Y,1916
USA,N,1916
AUSTRALIA,Y,1916
AUSTRALIA,N,1915
AUSTRALIA,N,1915
AUSTRALIA,Y,1915
JAMAICA,Y,1914
USA,Y,1914
CROATIA,N,1914
AUSTRALIA,Y,1914
USA,N,1914
AUSTRALIA,N,1914
USA,N,1913
AUSTRALIA,N,1913
AUSTRALIA,N,1913
USA,Y,1912
USA,N,1912
AUSTRALIA,N,1912
AUSTRALIA,Y,1912
FIJI,Y,1912
SPAIN,Y,1912
AUSTRALIA,N,1911
SOUTH AFRICA,Y,1911
USA,N,1911
AUSTRALIA,N,1911
NEW ZEALAND,Y,1911
AUSTRALIA,N,1910
NEW ZEALAND,N,1910
AUSTRALIA,N,1910
PHILIPPINES,U,1910
AUSTRALIA,N,1909
USA,N,1909
USA,N,1909
USA,U,1909
SOUTH AFRICA,Y,1908
AUSTRALIA,Y,1908
CROATIA,Y,1908
PAPUA NEW GUINEA,Y,1908
AUSTRALIA,Y,1907
USA,N,1907
NEW ZEALAND,Y,1907
AUSTRALIA,Y,1907
VIETNAM,N,1907
USA,N,1906
USA,Y,1906
USA,Y,1906
AUSTRALIA,N,1906
AUSTRALIA,Y,1906
AUSTRALIA,U,1906
AUSTRALIA,Y,1906
SOUTH AFRICA,Y,1906
SOUTH AFRICA,Y,1905
PHILIPPINES,N,1905
USA,Y,1905
SOUTH AFRICA,Y,1905
AUSTRALIA,N,1905
AUSTRALIA,U,1905
AUSTRALIA,U,1905
USA,N,1905
NEW ZEALAND,Y,1904
USA,N,1903
AUSTRALIA,Y,1902
AUSTRALIA,N,1902
AUSTRALIA,N,1901
SOUTH AFRICA,Y,1901
ITALY,U,1901
SOUTH AFRICA,Y,1900
USA,U,1900
AUSTRALIA,N,1899
USA,Y,1899
USA,Y,1899
EGYPT,N,1899
EGYPT,N,1899
EGYPT,N,1899
ITALY,N,1899
AUSTRALIA,U,1899
USA,N,1899
USA,N,1898
MARSHALL ISLANDS,Y,1897
USA,N,1897
AUSTRALIA,N,1896
NEW ZEALAND,Y,1896
USA,Y,1896
AUSTRALIA,Y,1896
AUSTRALIA,Y,1895
USA,N,1895
USA,Y,1895
SOUTH AFRICA,Y,1895
AUSTRALIA,N,1895
AUSTRALIA,Y,1895
USA,N,1894
AUSTRALIA,N,1894
USA,U,1894
AUSTRALIA,N,1892
USA,N,1890
AUSTRALIA,N,1890
USA,N,1889
AUSTRALIA,Y,1888
NEW ZEALAND,N,1888
AUSTRALIA,N,1887
SOUTH AFRICA,Y,1887
USA,N,1886
AUSTRALIA,Y,1886
SOUTH AFRICA,N,1885
AUSTRALIA,Y,1884
AUSTRALIA,Y,1884
AUSTRALIA,Y,1883
AUSTRALIA,Y,1883
NEW ZEALAND,N,1882
USA,U,1881
USA,Y,1881
ITALY,N,1881
AUSTRALIA,Y,1880
USA,N,1880
INDIA,N,1880
INDIA,Y,1880
AUSTRALIA,N,1880
AUSTRALIA,N,1880
INDIA,Y,1879
SPAIN,N,1879
NEW ZEALAND,Y,1879
USA,Y,1879
AUSTRALIA,N,1878
INDONESIA,Y,1878
USA,Y,1878
USA,Y,1878
AUSTRALIA,Y,1878
AUSTRALIA,N,1877
AUSTRALIA,N,1877
AUSTRALIA,N,1877
NEW ZEALAND,Y,1875
AUSTRALIA,N,1874
USA,N,1874
CANADA,N,1874
AUSTRALIA,N,1873
CUBA,N,1873
INDIA,Y,1871
AUSTRALIA,N,1871
INDIA,N,1870
INDIA,N,1870
AUSTRALIA,N,1870
INDIA,N,1870
INDIA,N,1870
AUSTRALIA,N,1870
AUSTRALIA,N,1869
INDIA,Y,1868
NEW ZEALAND,N,1868
USA,N,1865
USA,N,1864
AUSTRALIA,Y,1863
SOUTH AFRICA,U,1863
AUSTRALIA,Y,1863
NEW ZEALAND,N,1862
SPAIN,Y,1862
SPAIN,Y,1862
SPAIN,Y,1862
NEW ZEALAND,Y,1860
BAHAMAS,Y,1860
USA,Y,1859
AUSTRALIA,Y,1858
AUSTRALIA,U,1856
AUSTRALIA,Y,1855
USA,N,1853
USA,Y,1853
USA,N,1853
SOUTH AFRICA,Y,1852
NEW ZEALAND,Y,1852
USA,N,1851
USA,N,1848
GREECE,Y,1847
USA,N,1842
INDIA,Y,1842
USA,Y,1840
CUBA,Y,1839
AUSTRALIA,Y,1837
FRENCH POLYNESIA,Y,1834
USA,Y,1830
SRI LANKA,Y,1817
UNITED KINGDOM,N,1812
USA,Y,1779
CUBA,N,1749
ITALY,Y,1721
